Invoice ID,Branch,City,Customer type,Gender,Product line,Unit price,Quantity,Tax 5%,Total,Date,Time,Payment,cogs,gross margin percentage,gross income,Rating
INV-0001-189,F,Pune,Member,Male,Sports and travel,210.64,4,42.128,884.69,2023-03-13,21:24,Cash,842.56,4.761893997,42.128,5.4
INV-0002-674,E,Hyderabad,Normal,Male,Food and Beverages,20.31,4,4.062,85.3,2023-09-16,18:57,Cash,81.24,4.762016413,4.062,3.7
INV-0003-881,B,Delhi,Normal,Male,Health and beauty,184.99,1,9.2495,194.24,2023-03-23,20:42,Credit card,184.99,4.761892504,9.2495,6.0
INV-0004-847,C,Bangalore,Member,Male,Health and beauty,47.08,6,14.124,296.6,2023-11-06,12:48,Cash,282.48,4.761968982,14.124,7.5
INV-0005-333,D,Chennai,Member,Female,Food and Beverages,70.72,10,35.36,742.56,2023-07-05,18:30,Cash,707.2,4.761904762,35.36,6.7
INV-0006-954,G,Kolkata,Normal,Male,Electronic accessories,699.86,7,244.951,5143.97,2023-05-23,16:15,Ewallet,4899.02,4.761905688,244.951,6.1
INV-0007-646,C,Bangalore,Member,Female,Fashion accessories,128.47,5,32.1175,674.47,2023-12-26,20:26,Ewallet,642.35,4.761887111,32.1175,8.7
INV-0008-963,F,Pune,Member,Male,Health and beauty,126.25,9,56.8125,1193.06,2023-04-23,20:27,Credit card,1136.25,4.76191474,56.8125,7.7
INV-0009-835,G,Kolkata,Member,Male,Food and Beverages,98.56,7,34.496,724.42,2023-05-18,09:12,Cash,689.92,4.761878468,34.496,8.5
INV-0010-352,C,Bangalore,Member,Female,Health and beauty,267.71,8,107.084,2248.76,2023-03-15,12:49,Cash,2141.68,4.761913232,107.084,5.8
INV-0011-212,F,Pune,Normal,Female,Home and lifestyle,263.66,4,52.732,1107.37,2023-03-12,17:16,Credit card,1054.64,4.761913362,52.732,6.9
INV-0012-357,B,Delhi,Member,Female,Home and lifestyle,75.58,7,26.453,555.51,2023-11-02,16:31,Ewallet,529.06,4.761930478,26.453,7.1
INV-0013-103,E,Hyderabad,Member,Male,Sports and travel,622.23,5,155.5575,3266.71,2023-11-25,14:11,Cash,3111.15,4.761901118,155.5575,6.6
INV-0014-303,F,Pune,Normal,Male,Home and lifestyle,551.07,5,137.7675,2893.12,2023-11-24,17:14,Ewallet,2755.35,4.761900647,137.7675,7.3
INV-0015-471,B,Delhi,Normal,Male,Home and lifestyle,573.96,9,258.282,5423.92,2023-01-01,18:54,Credit card,5165.64,4.761906518,258.282,5.8
INV-0016-597,G,Kolkata,Normal,Male,Food and Beverages,36.5,10,18.25,383.25,2023-02-10,09:33,Ewallet,365.0,4.761904762,18.25,6.6
INV-0017-316,G,Kolkata,Member,Male,Electronic accessories,544.81,9,245.1645,5148.45,2023-03-26,12:49,Ewallet,4903.29,4.761908924,245.1645,7.9
INV-0018-223,E,Hyderabad,Member,Female,Health and beauty,298.64,6,89.592,1881.43,2023-08-13,17:25,Credit card,1791.84,4.761909824,89.592,5.7
INV-0019-160,B,Delhi,Member,Male,Fashion accessories,39.89,9,17.9505,376.96,2023-04-28,18:42,Cash,359.01,4.761911078,17.9505,9.2
INV-0020-319,B,Delhi,Member,Male,Fashion accessories,63.3,4,12.66,265.86,2023-05-23,20:10,Credit card,253.2,4.761904762,12.66,6.9
INV-0021-520,E,Hyderabad,Member,Female,Electronic accessories,638.46,7,223.461,4692.68,2023-04-08,09:43,Cash,4469.22,4.761905777,223.461,6.0
INV-0022-294,D,Chennai,Member,Male,Food and Beverages,54.29,6,16.287,342.03,2023-02-25,12:31,Cash,325.74,4.761862994,16.287,5.6
INV-0023-200,E,Hyderabad,Normal,Male,Health and beauty,71.38,8,28.552,599.59,2023-05-08,09:22,Credit card,571.04,4.761920646,28.552,7.6
INV-0024-160,A,Mumbai,Member,Male,Electronic accessories,174.73,8,69.892,1467.73,2023-09-04,11:53,Credit card,1397.84,4.761911251,69.892,4.0
INV-0025-669,B,Delhi,Normal,Male,Health and beauty,94.26,8,37.704,791.78,2023-05-27,15:42,Ewallet,754.08,4.761928819,37.704,10.0
INV-0026-162,F,Pune,Normal,Male,Electronic accessories,272.53,1,13.6265,286.16,2023-10-24,21:23,Ewallet,272.53,4.761846519,13.6265,5.2
INV-0027-290,F,Pune,Normal,Male,Food and Beverages,74.26,9,33.417,701.76,2023-09-29,10:51,Cash,668.34,4.761884405,33.417,7.1
INV-0028-140,A,Mumbai,Member,Male,Health and beauty,53.57,10,26.785,562.49,2023-05-07,18:32,Ewallet,535.7,4.761862433,26.785,6.7
INV-0029-371,E,Hyderabad,Member,Female,Sports and travel,418.98,9,188.541,3959.36,2023-06-11,12:44,Cash,3770.82,4.761905965,188.541,6.2
INV-0030-676,D,Chennai,Member,Female,Health and beauty,108.53,2,10.853,227.91,2023-01-05,16:20,Ewallet,217.06,4.761967443,10.853,5.7
INV-0031-656,A,Mumbai,Member,Male,Home and lifestyle,188.51,6,56.553,1187.61,2023-02-05,12:26,Credit card,1131.06,4.761916791,56.553,6.4
INV-0032-370,F,Pune,Normal,Male,Sports and travel,576.55,5,144.1375,3026.89,2023-12-06,09:53,Cash,2882.75,4.761900829,144.1375,8.1
INV-0033-600,A,Mumbai,Member,Male,Fashion accessories,162.43,4,32.486,682.21,2023-06-25,11:42,Ewallet,649.72,4.761876841,32.486,6.0
INV-0034-889,C,Bangalore,Member,Male,Sports and travel,310.91,5,77.7275,1632.28,2023-01-23,08:03,Credit card,1554.55,4.761897469,77.7275,5.9
INV-0035-252,B,Delhi,Normal,Male,Sports and travel,323.24,7,113.134,2375.81,2023-10-15,08:10,Cash,2262.68,4.761912779,113.134,9.3
INV-0036-473,E,Hyderabad,Member,Female,Home and lifestyle,349.41,7,122.2935,2568.16,2023-03-07,08:45,Credit card,2445.87,4.761911252,122.2935,8.2
INV-0037-342,G,Kolkata,Member,Female,Electronic accessories,561.55,2,56.155,1179.25,2023-07-01,18:11,Credit card,1123.1,4.761924952,56.155,9.3
INV-0038-930,G,Kolkata,Member,Male,Health and beauty,26.94,6,8.082,169.72,2023-07-30,20:11,Ewallet,161.64,4.761960877,8.082,6.4
INV-0039-412,B,Delhi,Normal,Male,Sports and travel,97.96,1,4.898,102.86,2023-08-29,12:02,Cash,97.96,4.761812172,4.898,7.2
INV-0040-891,G,Kolkata,Member,Male,Food and Beverages,82.6,7,28.91,607.11,2023-06-18,13:04,Cash,578.2,4.761904762,28.91,5.3
INV-0041-694,C,Bangalore,Normal,Female,Sports and travel,687.28,9,309.276,6494.8,2023-06-19,08:30,Cash,6185.52,4.761901829,309.276,7.3
INV-0042-218,C,Bangalore,Member,Male,Home and lifestyle,283.36,6,85.008,1785.17,2023-08-12,19:02,Ewallet,1700.16,4.761899427,85.008,6.0
INV-0043-786,D,Chennai,Member,Female,Food and Beverages,87.97,1,4.3985,92.37,2023-09-24,17:48,Ewallet,87.97,4.761827433,4.3985,6.3
INV-0044-968,B,Delhi,Normal,Female,Food and Beverages,114.38,6,34.314,720.59,2023-11-16,13:42,Ewallet,686.28,4.761931195,34.314,4.1
INV-0045-488,A,Mumbai,Normal,Female,Sports and travel,300.67,7,105.2345,2209.92,2023-12-23,13:22,Ewallet,2104.69,4.761914458,105.2345,7.6
INV-0046-540,F,Pune,Member,Female,Health and beauty,173.42,1,8.671,182.09,2023-06-05,13:13,Cash,173.42,4.761930913,8.671,7.9
INV-0047-627,G,Kolkata,Normal,Female,Health and beauty,143.8,4,28.76,603.96,2023-09-19,16:36,Ewallet,575.2,4.761904762,28.76,6.8
INV-0048-147,F,Pune,Normal,Male,Electronic accessories,554.6,4,110.92,2329.32,2023-04-12,10:40,Cash,2218.4,4.761904762,110.92,7.1
INV-0049-251,B,Delhi,Normal,Male,Health and beauty,136.04,10,68.02,1428.42,2023-04-10,21:04,Ewallet,1360.4,4.761904762,68.02,5.4
INV-0050-355,F,Pune,Member,Male,Health and beauty,81.28,9,36.576,768.1,2023-08-26,08:54,Ewallet,731.52,4.761879964,36.576,7.8
INV-0051-727,G,Kolkata,Member,Female,Electronic accessories,651.06,9,292.977,6152.52,2023-10-14,18:50,Credit card,5859.54,4.76190244,292.977,9.8
INV-0052-960,G,Kolkata,Normal,Female,Electronic accessories,607.74,8,243.096,5105.02,2023-08-19,12:43,Cash,4861.92,4.761901031,243.096,5.5
INV-0053-653,F,Pune,Normal,Female,Sports and travel,186.49,8,74.596,1566.52,2023-02-09,20:59,Credit card,1491.92,4.761892603,74.596,6.6
INV-0054-524,A,Mumbai,Member,Male,Electronic accessories,337.28,3,50.592,1062.43,2023-12-28,11:53,Cash,1011.84,4.761913726,50.592,8.2
INV-0055-689,D,Chennai,Normal,Female,Health and beauty,37.43,7,13.1005,275.11,2023-07-19,18:37,Ewallet,262.01,4.761913416,13.1005,9.6
INV-0056-852,D,Chennai,Normal,Male,Fashion accessories,170.35,7,59.6225,1252.07,2023-08-03,17:47,Ewallet,1192.45,4.76191427,59.6225,6.9
INV-0057-841,E,Hyderabad,Member,Female,Electronic accessories,254.7,8,101.88,2139.48,2023-01-15,15:04,Credit card,2037.6,4.761904762,101.88,5.5
INV-0058-127,B,Delhi,Normal,Male,Home and lifestyle,339.11,7,118.6885,2492.46,2023-10-31,18:16,Ewallet,2373.77,4.761901896,118.6885,4.2
INV-0059-488,A,Mumbai,Normal,Male,Health and beauty,70.88,5,17.72,372.12,2023-07-14,13:57,Cash,354.4,4.761904762,17.72,5.2
INV-0060-765,C,Bangalore,Normal,Female,Food and Beverages,61.73,9,27.7785,583.35,2023-01-27,14:22,Cash,555.57,4.761892517,27.7785,6.9
INV-0061-677,A,Mumbai,Member,Male,Electronic accessories,199.52,1,9.976,209.5,2023-11-15,10:46,Cash,199.52,4.761813842,9.976,8.4
INV-0062-210,B,Delhi,Normal,Female,Fashion accessories,108.86,10,54.43,1143.03,2023-02-28,10:58,Credit card,1088.6,4.761904762,54.43,8.1
INV-0063-742,E,Hyderabad,Member,Female,Home and lifestyle,419.31,7,146.7585,3081.93,2023-07-23,21:00,Cash,2935.17,4.761902444,146.7585,8.8
INV-0064-645,B,Delhi,Member,Female,Sports and travel,430.28,2,43.028,903.59,2023-10-17,08:44,Credit card,860.56,4.761894222,43.028,7.9
INV-0065-948,D,Chennai,Normal,Male,Home and lifestyle,402.62,1,20.131,422.75,2023-08-04,16:55,Cash,402.62,4.761916026,20.131,5.2
INV-0066-576,D,Chennai,Member,Female,Electronic accessories,600.35,5,150.0875,3151.84,2023-11-12,17:47,Credit card,3001.75,4.761900985,150.0875,7.4
INV-0067-784,D,Chennai,Normal,Female,Electronic accessories,673.05,2,67.305,1413.4,2023-05-23,16:12,Cash,1346.1,4.761921607,67.305,6.5
INV-0068-916,D,Chennai,Normal,Male,Health and beauty,258.27,3,38.7405,813.55,2023-09-07,11:51,Credit card,774.81,4.761907689,38.7405,4.6
INV-0069-837,C,Bangalore,Normal,Female,Home and lifestyle,432.66,5,108.165,2271.47,2023-10-12,08:11,Ewallet,2163.3,4.76189428,108.165,7.1
INV-0070-401,D,Chennai,Normal,Male,Sports and travel,346.36,8,138.544,2909.42,2023-08-18,08:18,Cash,2770.88,4.761911309,138.544,6.3
INV-0071-663,B,Delhi,Normal,Male,Fashion accessories,342.06,6,102.618,2154.98,2023-08-31,18:04,Ewallet,2052.36,4.761900342,102.618,3.7
INV-0072-423,C,Bangalore,Normal,Female,Fashion accessories,174.11,4,34.822,731.26,2023-03-03,21:07,Cash,696.44,4.761917786,34.822,10.0
INV-0073-952,A,Mumbai,Member,Male,Electronic accessories,603.95,5,150.9875,3170.74,2023-10-29,21:50,Ewallet,3019.75,4.761901007,150.9875,3.3
INV-0074-380,B,Delhi,Normal,Male,Fashion accessories,114.34,1,5.717,120.06,2023-12-29,17:43,Cash,114.34,4.761785774,5.717,4.1
INV-0075-448,A,Mumbai,Member,Female,Sports and travel,662.26,8,264.904,5562.98,2023-02-22,08:13,Ewallet,5298.08,4.761908186,264.904,6.4
INV-0076-690,B,Delhi,Member,Female,Health and beauty,51.94,2,5.194,109.07,2023-07-25,16:57,Cash,103.88,4.762079399,5.194,8.5
INV-0077-710,F,Pune,Member,Male,Electronic accessories,658.36,5,164.59,3456.39,2023-02-13,12:31,Cash,3291.8,4.761904762,164.59,5.3
INV-0078-682,G,Kolkata,Member,Female,Health and beauty,274.38,5,68.595,1440.5,2023-10-29,15:48,Credit card,1371.9,4.761888233,68.595,6.2
INV-0079-260,E,Hyderabad,Member,Male,Electronic accessories,519.14,5,129.785,2725.48,2023-12-05,09:28,Cash,2595.7,4.761913498,129.785,6.9
INV-0080-823,A,Mumbai,Normal,Female,Sports and travel,425.82,5,106.455,2235.55,2023-01-17,12:12,Credit card,2129.1,4.761915412,106.455,8.4
INV-0081-217,C,Bangalore,Normal,Male,Sports and travel,182.56,5,45.64,958.44,2023-11-17,18:44,Ewallet,912.8,4.761904762,45.64,6.8
INV-0082-709,E,Hyderabad,Member,Male,Fashion accessories,418.52,2,41.852,878.89,2023-01-31,11:01,Credit card,837.04,4.761915598,41.852,5.9
INV-0083-182,F,Pune,Normal,Female,Food and Beverages,61.56,5,15.39,323.19,2023-12-25,15:19,Credit card,307.8,4.761904762,15.39,4.7
INV-0084-790,E,Hyderabad,Member,Female,Sports and travel,242.57,5,60.6425,1273.49,2023-01-14,09:39,Cash,1212.85,4.76191411,60.6425,6.8
INV-0085-699,G,Kolkata,Member,Female,Home and lifestyle,62.53,3,9.3795,196.97,2023-08-29,17:26,Ewallet,187.59,4.761892674,9.3795,5.7
INV-0086-978,D,Chennai,Normal,Male,Health and beauty,117.43,6,35.229,739.81,2023-06-14,20:11,Cash,704.58,4.761898325,35.229,6.9
INV-0087-218,B,Delhi,Normal,Female,Sports and travel,359.44,7,125.804,2641.88,2023-10-09,08:40,Credit card,2516.08,4.761911972,125.804,7.5
INV-0088-630,G,Kolkata,Normal,Male,Sports and travel,611.82,8,244.728,5139.29,2023-07-31,08:59,Cash,4894.56,4.761902909,244.728,7.1
INV-0089-129,C,Bangalore,Normal,Female,Food and Beverages,32.39,9,14.5755,306.09,2023-03-09,13:14,Credit card,291.51,4.761834754,14.5755,7.8
INV-0090-961,F,Pune,Member,Male,Fashion accessories,288.89,9,130.0005,2730.01,2023-07-28,09:41,Cash,2600.01,4.761905634,130.0005,5.6
INV-0091-583,A,Mumbai,Normal,Male,Sports and travel,586.7,8,234.68,4928.28,2023-05-30,17:15,Ewallet,4693.6,4.761904762,234.68,6.1
INV-0092-984,B,Delhi,Normal,Male,Health and beauty,73.37,10,36.685,770.38,2023-09-18,21:35,Cash,733.7,4.761935668,36.685,9.3
INV-0093-693,A,Mumbai,Normal,Female,Fashion accessories,469.1,9,211.095,4432.99,2023-05-17,08:02,Credit card,4221.9,4.761910133,211.095,6.1
INV-0094-486,F,Pune,Normal,Male,Health and beauty,170.8,6,51.24,1076.04,2023-06-20,18:02,Ewallet,1024.8,4.761904762,51.24,3.7
INV-0095-930,D,Chennai,Normal,Male,Sports and travel,186.19,7,65.1665,1368.5,2023-04-30,15:28,Cash,1303.33,4.761892583,65.1665,5.8
INV-0096-990,D,Chennai,Normal,Male,Health and beauty,290.15,3,43.5225,913.97,2023-09-15,18:44,Credit card,870.45,4.761917787,43.5225,8.0
INV-0097-900,A,Mumbai,Normal,Male,Home and lifestyle,549.85,1,27.4925,577.34,2023-03-15,15:27,Ewallet,549.85,4.761925382,27.4925,7.1
INV-0098-424,C,Bangalore,Normal,Female,Sports and travel,79.21,6,23.763,499.02,2023-12-12,17:42,Credit card,475.26,4.761933389,23.763,6.4
INV-0099-748,F,Pune,Normal,Male,Home and lifestyle,78.32,5,19.58,411.18,2023-04-27,21:35,Cash,391.6,4.761904762,19.58,5.9
INV-0100-400,F,Pune,Member,Female,Electronic accessories,570.5,1,28.525,599.02,2023-01-24,13:54,Cash,570.5,4.761944509,28.525,7.1
INV-0101-991,C,Bangalore,Normal,Female,Electronic accessories,233.15,7,81.6025,1713.65,2023-10-17,20:24,Cash,1632.05,4.761911709,81.6025,6.8
INV-0102-361,D,Chennai,Member,Female,Home and lifestyle,120.15,8,48.06,1009.26,2023-11-23,12:37,Credit card,961.2,4.761904762,48.06,7.3
INV-0103-534,F,Pune,Member,Female,Fashion accessories,348.48,3,52.272,1097.71,2023-02-07,16:02,Credit card,1045.44,4.761913438,52.272,8.1
INV-0104-490,F,Pune,Normal,Female,Fashion accessories,123.63,7,43.2705,908.68,2023-09-05,09:56,Cash,865.41,4.761907382,43.2705,6.4
INV-0105-150,E,Hyderabad,Normal,Female,Sports and travel,224.28,7,78.498,1648.46,2023-05-21,08:08,Ewallet,1569.96,4.761898985,78.498,8.2
INV-0106-735,E,Hyderabad,Normal,Female,Electronic accessories,505.3,6,151.59,3183.39,2023-04-23,19:35,Cash,3031.8,4.761904762,151.59,4.5
INV-0107-402,C,Bangalore,Member,Male,Sports and travel,461.28,5,115.32,2421.72,2023-08-14,08:36,Ewallet,2306.4,4.761904762,115.32,6.3
INV-0108-379,C,Bangalore,Normal,Male,Electronic accessories,149.12,9,67.104,1409.18,2023-07-07,17:39,Ewallet,1342.08,4.761918279,67.104,7.1
INV-0109-331,G,Kolkata,Member,Female,Health and beauty,290.87,5,72.7175,1527.07,2023-06-23,10:05,Credit card,1454.35,4.761896966,72.7175,7.6
INV-0110-565,G,Kolkata,Normal,Female,Food and Beverages,96.98,1,4.849,101.83,2023-05-16,17:46,Cash,96.98,4.761857999,4.849,6.3
INV-0111-674,C,Bangalore,Normal,Female,Sports and travel,659.7,2,65.97,1385.37,2023-12-12,12:15,Credit card,1319.4,4.761904762,65.97,9.6
INV-0112-243,C,Bangalore,Member,Male,Sports and travel,581.1,5,145.275,3050.78,2023-11-29,15:25,Cash,2905.5,4.761896957,145.275,7.3
INV-0113-860,A,Mumbai,Member,Female,Health and beauty,52.51,4,10.502,220.54,2023-10-03,10:28,Credit card,210.04,4.761947946,10.502,4.7
INV-0114-133,F,Pune,Normal,Male,Health and beauty,203.38,8,81.352,1708.39,2023-11-12,15:25,Credit card,1627.04,4.761910337,81.352,7.1
INV-0115-760,F,Pune,Normal,Male,Health and beauty,144.51,4,28.902,606.94,2023-07-05,09:48,Ewallet,578.04,4.761920453,28.902,4.3
INV-0116-317,C,Bangalore,Member,Female,Fashion accessories,119.21,2,11.921,250.34,2023-08-21,09:40,Ewallet,238.42,4.761923784,11.921,9.2
INV-0117-700,F,Pune,Member,Male,Fashion accessories,144.48,3,21.672,455.11,2023-10-17,11:44,Cash,433.44,4.761925688,21.672,7.7
INV-0118-233,B,Delhi,Member,Female,Electronic accessories,641.48,10,320.74,6735.54,2023-01-02,13:02,Cash,6414.8,4.761904762,320.74,5.1
INV-0119-431,E,Hyderabad,Normal,Male,Food and Beverages,82.72,1,4.136,86.86,2023-03-09,08:16,Credit card,82.72,4.761685471,4.136,6.8
INV-0120-165,A,Mumbai,Member,Female,Food and Beverages,23.94,7,8.379,175.96,2023-09-27,10:04,Ewallet,167.58,4.761877699,8.379,5.7
INV-0121-987,D,Chennai,Normal,Female,Home and lifestyle,372.45,8,148.98,3128.58,2023-09-15,12:01,Ewallet,2979.6,4.761904762,148.98,9.0
INV-0122-802,F,Pune,Normal,Female,Sports and travel,675.72,1,33.786,709.51,2023-09-03,15:18,Credit card,675.72,4.761877916,33.786,7.2
INV-0123-699,A,Mumbai,Normal,Female,Food and Beverages,108.92,6,32.676,686.2,2023-11-08,10:42,Cash,653.52,4.761877004,32.676,8.0
INV-0124-201,E,Hyderabad,Normal,Female,Home and lifestyle,337.11,8,134.844,2831.72,2023-09-16,19:01,Credit card,2696.88,4.761911488,134.844,8.0
INV-0125-420,G,Kolkata,Member,Male,Health and beauty,146.44,4,29.288,615.05,2023-07-31,14:10,Credit card,585.76,4.761889277,29.288,4.8
INV-0126-195,D,Chennai,Normal,Female,Fashion accessories,478.19,8,191.276,4016.8,2023-02-04,09:39,Cash,3825.52,4.76190002,191.276,7.9
INV-0127-994,D,Chennai,Member,Female,Electronic accessories,467.28,10,233.64,4906.44,2023-10-15,18:13,Credit card,4672.8,4.761904762,233.64,6.1
INV-0128-317,F,Pune,Normal,Male,Fashion accessories,312.19,6,93.657,1966.8,2023-02-23,18:31,Ewallet,1873.14,4.761897498,93.657,5.1
INV-0129-965,B,Delhi,Normal,Male,Food and Beverages,48.51,9,21.8295,458.42,2023-07-08,10:05,Credit card,436.59,4.761899568,21.8295,4.1
INV-0130-285,E,Hyderabad,Member,Female,Food and Beverages,29.85,5,7.4625,156.71,2023-06-23,14:23,Cash,149.25,4.761980729,7.4625,5.6
INV-0131-449,G,Kolkata,Member,Female,Food and Beverages,25.61,1,1.2805,26.89,2023-02-16,21:34,Ewallet,25.61,4.761993306,1.2805,7.1
INV-0132-259,B,Delhi,Normal,Female,Sports and travel,243.96,10,121.98,2561.58,2023-11-02,09:32,Cash,2439.6,4.761904762,121.98,8.0
INV-0133-624,B,Delhi,Member,Male,Fashion accessories,238.26,7,83.391,1751.21,2023-09-06,19:03,Credit card,1667.82,4.761907481,83.391,5.9
INV-0134-415,A,Mumbai,Normal,Female,Food and Beverages,41.16,10,20.58,432.18,2023-09-07,17:35,Ewallet,411.6,4.761904762,20.58,7.0
INV-0135-222,A,Mumbai,Member,Female,Home and lifestyle,70.68,4,14.136,296.86,2023-06-04,11:50,Cash,282.72,4.761840598,14.136,6.9
INV-0136-672,A,Mumbai,Normal,Female,Electronic accessories,146.89,9,66.1005,1388.11,2023-12-27,12:11,Ewallet,1322.01,4.761906477,66.1005,5.3
INV-0137-689,G,Kolkata,Normal,Male,Health and beauty,261.29,1,13.0645,274.35,2023-08-12,08:20,Credit card,261.29,4.761982869,13.0645,9.1
INV-0138-571,D,Chennai,Normal,Female,Fashion accessories,84.13,1,4.2065,88.34,2023-06-16,11:07,Ewallet,84.13,4.761716097,4.2065,5.1
INV-0139-417,G,Kolkata,Normal,Male,Health and beauty,256.46,4,51.292,1077.13,2023-08-12,18:43,Credit card,1025.84,4.761913604,51.292,5.0
INV-0140-643,F,Pune,Normal,Male,Fashion accessories,396.19,2,39.619,832.0,2023-09-19,19:31,Cash,792.38,4.761899038,39.619,6.3
INV-0141-256,E,Hyderabad,Member,Female,Fashion accessories,371.87,3,55.7805,1171.39,2023-05-01,09:52,Cash,1115.61,4.761906794,55.7805,6.8
INV-0142-678,G,Kolkata,Member,Male,Sports and travel,358.53,10,179.265,3764.57,2023-10-24,16:10,Ewallet,3585.3,4.761898437,179.265,7.7
INV-0143-460,F,Pune,Normal,Female,Electronic accessories,379.82,8,151.928,3190.49,2023-08-15,19:29,Credit card,3038.56,4.761901777,151.928,7.1
INV-0144-760,E,Hyderabad,Member,Female,Health and beauty,146.54,1,7.327,153.87,2023-07-08,13:13,Cash,146.54,4.761811919,7.327,4.9
INV-0145-613,G,Kolkata,Member,Female,Health and beauty,182.49,1,9.1245,191.61,2023-08-19,18:24,Ewallet,182.49,4.762016596,9.1245,7.6
INV-0146-276,B,Delhi,Member,Female,Food and Beverages,99.21,6,29.763,625.02,2023-02-13,17:11,Ewallet,595.26,4.761927618,29.763,8.7
INV-0147-893,A,Mumbai,Member,Female,Health and beauty,166.74,10,83.37,1750.77,2023-03-23,14:37,Credit card,1667.4,4.761904762,83.37,8.1
INV-0148-358,C,Bangalore,Member,Female,Food and Beverages,46.27,9,20.8215,437.25,2023-12-14,15:02,Credit card,416.43,4.761921098,20.8215,6.1
INV-0149-709,F,Pune,Member,Female,Food and Beverages,74.1,3,11.115,233.42,2023-06-29,13:38,Ewallet,222.3,4.761802759,11.115,6.3
INV-0150-948,F,Pune,Member,Female,Home and lifestyle,250.94,6,75.282,1580.92,2023-03-07,20:11,Ewallet,1505.64,4.761910786,75.282,5.4
INV-0151-296,F,Pune,Member,Female,Home and lifestyle,242.62,6,72.786,1528.51,2023-06-08,11:16,Cash,1455.72,4.7618923,72.786,5.4
INV-0152-639,B,Delhi,Member,Male,Food and Beverages,42.54,2,4.254,89.33,2023-09-17,17:49,Ewallet,85.08,4.762117989,4.254,8.9
INV-0153-548,A,Mumbai,Normal,Male,Home and lifestyle,250.96,3,37.644,790.52,2023-04-03,20:36,Ewallet,752.88,4.761928857,37.644,6.8
INV-0154-902,A,Mumbai,Normal,Female,Sports and travel,510.72,8,204.288,4290.05,2023-11-09,13:11,Ewallet,4085.76,4.761902542,204.288,5.7
INV-0155-572,D,Chennai,Member,Male,Fashion accessories,483.83,8,193.532,4064.17,2023-04-10,14:41,Ewallet,3870.64,4.761907105,193.532,10.0
INV-0156-993,G,Kolkata,Normal,Female,Home and lifestyle,335.38,3,50.307,1056.45,2023-04-13,19:00,Cash,1006.14,4.76189124,50.307,5.1
INV-0157-379,C,Bangalore,Member,Female,Fashion accessories,290.63,2,29.063,610.32,2023-12-31,17:23,Cash,581.26,4.761928169,29.063,6.2
INV-0158-524,D,Chennai,Member,Female,Food and Beverages,114.11,4,22.822,479.26,2023-08-19,14:21,Cash,456.44,4.761924634,22.822,9.3
INV-0159-831,A,Mumbai,Normal,Female,Electronic accessories,339.62,2,33.962,713.2,2023-07-11,12:05,Cash,679.24,4.761918116,33.962,6.2
INV-0160-580,F,Pune,Normal,Male,Electronic accessories,78.73,8,31.492,661.33,2023-12-23,10:31,Ewallet,629.84,4.761919163,31.492,7.1
INV-0161-395,D,Chennai,Member,Male,Food and Beverages,38.15,3,5.7225,120.17,2023-10-08,21:14,Ewallet,114.45,4.762003828,5.7225,6.1
INV-0162-956,B,Delhi,Normal,Male,Food and Beverages,36.23,10,18.115,380.42,2023-08-23,09:08,Cash,362.3,4.761842174,18.115,6.4
INV-0163-780,D,Chennai,Member,Male,Sports and travel,121.91,7,42.6685,896.04,2023-01-01,19:11,Credit card,853.37,4.76189679,42.6685,6.9
INV-0164-120,F,Pune,Member,Female,Food and Beverages,114.87,9,51.6915,1085.52,2023-09-17,17:14,Ewallet,1033.83,4.761911342,51.6915,8.4
INV-0165-346,D,Chennai,Normal,Male,Sports and travel,286.14,6,85.842,1802.68,2023-05-10,21:36,Cash,1716.84,4.761910045,85.842,6.2
INV-0166-950,F,Pune,Member,Female,Electronic accessories,83.25,9,37.4625,786.71,2023-06-23,19:42,Cash,749.25,4.761919894,37.4625,7.2
INV-0167-910,G,Kolkata,Normal,Female,Sports and travel,148.04,3,22.206,466.33,2023-02-02,21:02,Credit card,444.12,4.761863916,22.206,7.5
INV-0168-871,B,Delhi,Member,Female,Fashion accessories,272.23,9,122.5035,2572.57,2023-08-31,12:36,Cash,2450.07,4.761911241,122.5035,7.0
INV-0169-509,F,Pune,Member,Female,Fashion accessories,435.21,1,21.7605,456.97,2023-12-02,14:02,Credit card,435.21,4.761909972,21.7605,7.8
INV-0170-916,F,Pune,Normal,Female,Fashion accessories,487.65,8,195.06,4096.26,2023-12-21,17:03,Credit card,3901.2,4.761904762,195.06,7.5
INV-0171-435,E,Hyderabad,Normal,Male,Sports and travel,311.54,7,109.039,2289.82,2023-11-05,11:17,Ewallet,2180.78,4.761902682,109.039,6.3
INV-0172-459,F,Pune,Normal,Female,Health and beauty,188.73,7,66.0555,1387.17,2023-03-27,20:33,Credit card,1321.11,4.761889314,66.0555,7.2
INV-0173-625,D,Chennai,Member,Female,Home and lifestyle,598.96,5,149.74,3144.54,2023-11-24,09:02,Cash,2994.8,4.761904762,149.74,6.1
INV-0174-341,G,Kolkata,Member,Male,Electronic accessories,686.5,8,274.6,5766.6,2023-01-18,10:17,Cash,5492.0,4.761904762,274.6,5.5
INV-0175-554,G,Kolkata,Normal,Female,Health and beauty,285.85,1,14.2925,300.14,2023-11-06,10:47,Ewallet,285.85,4.761944426,14.2925,5.1
INV-0176-216,G,Kolkata,Member,Male,Home and lifestyle,245.49,6,73.647,1546.59,2023-11-29,13:04,Cash,1472.94,4.761895525,73.647,7.2
INV-0177-726,A,Mumbai,Member,Female,Home and lifestyle,256.71,9,115.5195,2425.91,2023-03-02,12:45,Credit card,2310.39,4.76190378,115.5195,6.5
INV-0178-555,C,Bangalore,Normal,Male,Food and Beverages,24.93,2,2.493,52.35,2023-08-20,11:08,Ewallet,49.86,4.76217765,2.493,5.5
INV-0179-753,A,Mumbai,Normal,Female,Sports and travel,68.83,9,30.9735,650.44,2023-05-29,13:27,Cash,619.47,4.761930386,30.9735,5.7
INV-0180-469,B,Delhi,Normal,Male,Food and Beverages,118.36,3,17.754,372.83,2023-05-02,16:59,Cash,355.08,4.761955851,17.754,3.2
INV-0181-638,E,Hyderabad,Normal,Female,Home and lifestyle,112.67,2,11.267,236.61,2023-02-03,13:37,Credit card,225.34,4.761844385,11.267,8.9
INV-0182-629,D,Chennai,Normal,Male,Electronic accessories,779.28,2,77.928,1636.49,2023-08-19,16:28,Ewallet,1558.56,4.761898942,77.928,6.5
INV-0183-826,C,Bangalore,Member,Male,Electronic accessories,374.46,1,18.723,393.18,2023-03-05,17:25,Cash,374.46,4.761941096,18.723,6.5
INV-0184-410,B,Delhi,Normal,Female,Food and Beverages,37.57,9,16.9065,355.04,2023-05-21,10:16,Ewallet,338.13,4.761857819,16.9065,7.3
INV-0185-962,E,Hyderabad,Member,Male,Home and lifestyle,567.3,3,85.095,1787.0,2023-03-29,19:59,Ewallet,1701.9,4.761891438,85.095,6.4
INV-0186-885,E,Hyderabad,Member,Male,Food and Beverages,15.0,10,7.5,157.5,2023-05-16,19:51,Cash,150.0,4.761904762,7.5,4.8
INV-0187-801,E,Hyderabad,Normal,Male,Health and beauty,268.92,9,121.014,2541.29,2023-05-29,19:41,Credit card,2420.28,4.761912257,121.014,3.8
INV-0188-575,D,Chennai,Normal,Female,Food and Beverages,85.75,3,12.8625,270.11,2023-08-14,15:33,Credit card,257.25,4.761948836,12.8625,6.8
INV-0189-208,B,Delhi,Normal,Male,Fashion accessories,434.9,6,130.47,2739.87,2023-06-26,15:15,Cash,2609.4,4.761904762,130.47,6.6
INV-0190-397,C,Bangalore,Member,Female,Food and Beverages,39.42,4,7.884,165.56,2023-03-14,09:45,Cash,157.68,4.762019812,7.884,5.0
INV-0191-610,D,Chennai,Normal,Male,Electronic accessories,660.11,10,330.055,6931.16,2023-06-10,11:27,Cash,6601.1,4.761901327,330.055,4.7
INV-0192-697,C,Bangalore,Normal,Male,Food and Beverages,113.98,9,51.291,1077.11,2023-08-23,12:22,Cash,1025.82,4.761909183,51.291,6.5
INV-0193-370,C,Bangalore,Member,Male,Fashion accessories,262.6,8,105.04,2205.84,2023-05-27,17:46,Cash,2100.8,4.761904762,105.04,7.7
INV-0194-471,F,Pune,Normal,Female,Fashion accessories,51.26,1,2.563,53.82,2023-10-19,18:13,Cash,51.26,4.762170197,2.563,5.2
INV-0195-199,E,Hyderabad,Normal,Male,Health and beauty,161.19,9,72.5355,1523.25,2023-05-24,19:20,Ewallet,1450.71,4.761890694,72.5355,5.9
INV-0196-511,D,Chennai,Normal,Female,Home and lifestyle,565.81,3,84.8715,1782.3,2023-04-12,18:58,Ewallet,1697.43,4.76190877,84.8715,6.0
INV-0197-243,E,Hyderabad,Member,Male,Food and Beverages,25.07,6,7.521,157.94,2023-08-31,17:27,Credit card,150.42,4.761934912,7.521,8.7
INV-0198-948,C,Bangalore,Normal,Male,Health and beauty,297.37,5,74.3425,1561.19,2023-10-31,14:07,Ewallet,1486.85,4.761912387,74.3425,9.1
INV-0199-915,E,Hyderabad,Normal,Female,Health and beauty,248.41,6,74.523,1564.98,2023-06-19,20:15,Cash,1490.46,4.76191389,74.523,8.5
INV-0200-152,F,Pune,Member,Female,Fashion accessories,484.52,10,242.26,5087.46,2023-10-23,12:08,Ewallet,4845.2,4.761904762,242.26,6.5
INV-0201-817,E,Hyderabad,Normal,Male,Home and lifestyle,392.25,10,196.125,4118.62,2023-07-14,10:41,Ewallet,3922.5,4.761910543,196.125,6.6
INV-0202-520,A,Mumbai,Member,Male,Health and beauty,107.83,3,16.1745,339.66,2023-07-31,20:34,Cash,323.49,4.76196785,16.1745,8.8
INV-0203-277,E,Hyderabad,Normal,Male,Sports and travel,118.21,4,23.642,496.48,2023-10-15,13:55,Ewallet,472.84,4.761923945,23.642,5.1
INV-0204-352,D,Chennai,Normal,Female,Sports and travel,546.09,5,136.5225,2866.97,2023-11-09,16:48,Cash,2730.45,4.761908914,136.5225,6.7
INV-0205-914,C,Bangalore,Normal,Male,Fashion accessories,392.45,4,78.49,1648.29,2023-12-20,20:50,Credit card,1569.8,4.761904762,78.49,5.9
INV-0206-891,F,Pune,Normal,Female,Food and Beverages,73.08,9,32.886,690.61,2023-07-14,15:10,Credit card,657.72,4.761877181,32.886,7.8
INV-0207-306,G,Kolkata,Member,Female,Food and Beverages,41.64,2,4.164,87.44,2023-06-27,16:03,Ewallet,83.28,4.762122598,4.164,6.7
INV-0208-785,G,Kolkata,Normal,Female,Electronic accessories,131.92,10,65.96,1385.16,2023-05-03,12:24,Cash,1319.2,4.761904762,65.96,8.2
INV-0209-663,E,Hyderabad,Member,Male,Food and Beverages,21.02,6,6.306,132.43,2023-08-30,09:49,Ewallet,126.12,4.76176093,6.306,6.8
INV-0210-160,B,Delhi,Normal,Female,Health and beauty,202.15,5,50.5375,1061.29,2023-06-14,13:11,Ewallet,1010.75,4.761893545,50.5375,6.3
INV-0211-956,G,Kolkata,Member,Male,Home and lifestyle,453.66,1,22.683,476.34,2023-03-31,15:36,Cash,453.66,4.761934752,22.683,7.2
INV-0212-681,D,Chennai,Normal,Male,Sports and travel,674.44,5,168.61,3540.81,2023-01-20,08:10,Credit card,3372.2,4.761904762,168.61,6.3
INV-0213-297,E,Hyderabad,Member,Female,Fashion accessories,243.54,9,109.593,2301.45,2023-09-26,16:59,Cash,2191.86,4.761910969,109.593,7.8
INV-0214-445,G,Kolkata,Member,Female,Electronic accessories,598.34,5,149.585,3141.28,2023-04-06,08:15,Ewallet,2991.7,4.761912341,149.585,5.4
INV-0215-289,G,Kolkata,Normal,Male,Electronic accessories,508.22,7,177.877,3735.42,2023-08-07,17:22,Credit card,3557.54,4.761900938,177.877,8.4
INV-0216-437,B,Delhi,Normal,Female,Electronic accessories,55.12,7,19.292,405.13,2023-05-01,16:07,Credit card,385.84,4.76192827,19.292,7.7
INV-0217-802,C,Bangalore,Member,Female,Sports and travel,267.7,4,53.54,1124.34,2023-02-01,20:09,Cash,1070.8,4.761904762,53.54,5.9
INV-0218-324,E,Hyderabad,Normal,Male,Sports and travel,643.39,5,160.8475,3377.8,2023-07-08,19:11,Cash,3216.95,4.761901237,160.8475,6.7
INV-0219-650,B,Delhi,Normal,Male,Health and beauty,229.37,10,114.685,2408.38,2023-07-11,15:34,Ewallet,2293.7,4.761914648,114.685,4.9
INV-0220-820,G,Kolkata,Member,Male,Sports and travel,534.45,2,53.445,1122.35,2023-09-27,16:07,Ewallet,1068.9,4.761883548,53.445,6.3
INV-0221-632,C,Bangalore,Member,Male,Food and Beverages,101.17,9,45.5265,956.06,2023-04-14,18:25,Ewallet,910.53,4.761887329,45.5265,7.6
INV-0222-564,D,Chennai,Member,Male,Sports and travel,418.62,2,41.862,879.1,2023-09-19,16:06,Cash,837.24,4.761915595,41.862,7.9
INV-0223-103,B,Delhi,Normal,Female,Home and lifestyle,72.33,8,28.932,607.57,2023-12-11,13:36,Ewallet,578.64,4.761920437,28.932,7.6
INV-0224-583,F,Pune,Member,Male,Food and Beverages,56.61,2,5.661,118.88,2023-10-05,09:05,Cash,113.22,4.761944818,5.661,7.0
INV-0225-484,A,Mumbai,Normal,Female,Electronic accessories,626.73,7,219.3555,4606.47,2023-07-11,14:57,Credit card,4387.11,4.76190011,219.3555,8.7
INV-0226-845,A,Mumbai,Member,Female,Food and Beverages,29.63,9,13.3335,280.0,2023-07-21,17:37,Cash,266.67,4.761964286,13.3335,4.4
INV-0227-454,B,Delhi,Member,Male,Fashion accessories,247.61,9,111.4245,2339.91,2023-08-06,17:41,Credit card,2228.49,4.76191392,111.4245,7.3
INV-0228-884,B,Delhi,Normal,Male,Sports and travel,541.71,1,27.0855,568.8,2023-12-05,15:37,Ewallet,541.71,4.761867089,27.0855,5.5
INV-0229-858,A,Mumbai,Member,Male,Food and Beverages,21.1,1,1.055,22.16,2023-08-17,18:52,Ewallet,21.1,4.760830325,1.055,6.7
INV-0230-339,A,Mumbai,Normal,Female,Electronic accessories,454.82,1,22.741,477.56,2023-03-13,17:10,Credit card,454.82,4.761914733,22.741,6.0
INV-0231-670,G,Kolkata,Normal,Female,Electronic accessories,276.32,3,41.448,870.41,2023-12-05,17:29,Cash,828.96,4.76189382,41.448,5.5
INV-0232-904,E,Hyderabad,Member,Female,Home and lifestyle,317.55,6,95.265,2000.57,2023-11-26,20:13,Credit card,1905.3,4.761892861,95.265,7.4
INV-0233-407,E,Hyderabad,Normal,Female,Health and beauty,61.78,7,21.623,454.08,2023-04-05,21:44,Ewallet,432.46,4.761936223,21.623,3.6
INV-0234-497,G,Kolkata,Member,Female,Food and Beverages,71.86,7,25.151,528.17,2023-10-13,17:38,Cash,503.02,4.761913778,25.151,7.3
INV-0235-374,B,Delhi,Normal,Male,Fashion accessories,333.95,8,133.58,2805.18,2023-07-09,09:40,Ewallet,2671.6,4.761904762,133.58,6.3
INV-0236-590,D,Chennai,Member,Male,Electronic accessories,653.49,10,326.745,6861.64,2023-12-10,18:10,Cash,6534.9,4.761908232,326.745,5.8
INV-0237-820,B,Delhi,Normal,Female,Food and Beverages,33.3,4,6.66,139.86,2023-03-02,21:35,Credit card,133.2,4.761904762,6.66,8.5
INV-0238-764,B,Delhi,Normal,Male,Home and lifestyle,220.1,5,55.025,1155.53,2023-07-14,16:29,Ewallet,1100.5,4.761884157,55.025,5.3
INV-0239-308,C,Bangalore,Normal,Female,Fashion accessories,271.02,8,108.408,2276.57,2023-08-27,09:47,Ewallet,2168.16,4.761900579,108.408,3.7
INV-0240-666,C,Bangalore,Normal,Female,Food and Beverages,71.88,4,14.376,301.9,2023-03-16,08:17,Credit card,287.52,4.761841669,14.376,7.0
INV-0241-801,E,Hyderabad,Normal,Female,Electronic accessories,197.14,4,39.428,827.99,2023-07-14,18:22,Cash,788.56,4.76189326,39.428,4.3
INV-0242-914,C,Bangalore,Normal,Female,Sports and travel,458.14,8,183.256,3848.38,2023-08-24,11:03,Ewallet,3665.12,4.761899812,183.256,6.5
INV-0243-176,C,Bangalore,Member,Male,Sports and travel,393.92,3,59.088,1240.85,2023-10-05,19:41,Cash,1181.76,4.761897087,59.088,4.0
INV-0244-109,G,Kolkata,Member,Male,Health and beauty,58.5,4,11.7,245.7,2023-02-04,20:52,Cash,234.0,4.761904762,11.7,6.4
INV-0245-521,B,Delhi,Normal,Female,Food and Beverages,77.96,10,38.98,818.58,2023-09-05,20:00,Credit card,779.6,4.761904762,38.98,8.3
INV-0246-540,A,Mumbai,Member,Female,Home and lifestyle,587.39,1,29.3695,616.76,2023-09-15,20:42,Ewallet,587.39,4.761900901,29.3695,7.0
INV-0247-914,G,Kolkata,Member,Male,Food and Beverages,67.68,4,13.536,284.26,2023-04-09,19:16,Ewallet,270.72,4.761837754,13.536,6.8
INV-0248-800,D,Chennai,Member,Female,Health and beauty,148.52,4,29.704,623.78,2023-12-23,12:06,Credit card,594.08,4.761935298,29.704,8.2
INV-0249-184,G,Kolkata,Member,Male,Food and Beverages,54.58,7,19.103,401.16,2023-10-10,16:39,Cash,382.06,4.761940373,19.103,5.3
INV-0250-316,D,Chennai,Normal,Female,Home and lifestyle,587.3,2,58.73,1233.33,2023-09-28,08:46,Cash,1174.6,4.761904762,58.73,4.7
INV-0251-422,G,Kolkata,Normal,Female,Food and Beverages,111.66,5,27.915,586.21,2023-10-06,18:15,Ewallet,558.3,4.761945378,27.915,9.9
INV-0252-346,A,Mumbai,Member,Male,Sports and travel,579.11,2,57.911,1216.13,2023-06-03,10:57,Ewallet,1158.22,4.761908678,57.911,7.5
INV-0253-154,E,Hyderabad,Normal,Female,Health and beauty,231.57,3,34.7355,729.45,2023-12-19,21:10,Cash,694.71,4.761875386,34.7355,2.4
INV-0254-130,A,Mumbai,Normal,Male,Food and Beverages,47.47,10,23.735,498.44,2023-11-01,15:13,Credit card,474.7,4.761856994,23.735,6.5
INV-0255-187,F,Pune,Normal,Female,Health and beauty,83.88,9,37.746,792.67,2023-07-12,15:51,Cash,754.92,4.761880732,37.746,5.6
INV-0256-902,G,Kolkata,Normal,Male,Sports and travel,74.62,5,18.655,391.75,2023-03-20,14:55,Ewallet,373.1,4.761965539,18.655,4.5
INV-0257-235,F,Pune,Member,Female,Fashion accessories,199.53,2,19.953,419.01,2023-01-03,13:36,Credit card,399.06,4.761938856,19.953,6.0
INV-0258-191,A,Mumbai,Member,Female,Health and beauty,175.96,9,79.182,1662.82,2023-07-28,09:52,Cash,1583.64,4.761910489,79.182,7.7
INV-0259-348,C,Bangalore,Member,Female,Health and beauty,23.46,7,8.211,172.43,2023-07-18,09:32,Ewallet,164.22,4.761932378,8.211,9.4
INV-0260-164,E,Hyderabad,Member,Female,Electronic accessories,154.13,5,38.5325,809.18,2023-05-18,16:58,Cash,770.65,4.761919474,38.5325,4.9
INV-0261-731,B,Delhi,Normal,Female,Health and beauty,103.93,2,10.393,218.25,2023-07-04,12:34,Cash,207.86,4.761970218,10.393,6.2
INV-0262-923,B,Delhi,Normal,Male,Electronic accessories,278.49,7,97.4715,2046.9,2023-06-20,19:17,Credit card,1949.43,4.761908252,97.4715,4.8
INV-0263-590,G,Kolkata,Normal,Female,Fashion accessories,232.39,10,116.195,2440.1,2023-03-11,13:28,Credit card,2323.9,4.761895004,116.195,4.7
INV-0264-485,C,Bangalore,Member,Female,Fashion accessories,166.98,8,66.792,1402.63,2023-10-22,12:24,Credit card,1335.84,4.761911552,66.792,5.4
INV-0265-844,C,Bangalore,Normal,Female,Food and Beverages,112.53,4,22.506,472.63,2023-10-31,17:55,Cash,450.12,4.761864461,22.506,5.7
INV-0266-242,D,Chennai,Member,Female,Fashion accessories,420.7,2,42.07,883.47,2023-07-29,20:15,Credit card,841.4,4.761904762,42.07,5.1
INV-0267-510,F,Pune,Normal,Male,Fashion accessories,339.57,7,118.8495,2495.84,2023-07-13,09:20,Credit card,2376.99,4.761903808,118.8495,8.2
INV-0268-211,E,Hyderabad,Normal,Male,Fashion accessories,359.77,9,161.8965,3399.83,2023-11-01,19:37,Cash,3237.93,4.76189986,161.8965,6.4
INV-0269-439,G,Kolkata,Member,Female,Electronic accessories,535.25,1,26.7625,562.01,2023-10-16,19:44,Ewallet,535.25,4.761925944,26.7625,4.4
INV-0270-671,G,Kolkata,Normal,Male,Food and Beverages,20.85,4,4.17,87.57,2023-09-19,21:35,Ewallet,83.4,4.761904762,4.17,3.4
INV-0271-207,E,Hyderabad,Member,Female,Fashion accessories,213.83,10,106.915,2245.22,2023-12-20,17:06,Cash,2138.3,4.761894157,106.915,6.6
INV-0272-566,C,Bangalore,Normal,Male,Food and Beverages,101.44,3,15.216,319.54,2023-06-28,13:40,Credit card,304.32,4.761845152,15.216,6.8
INV-0273-827,G,Kolkata,Member,Female,Fashion accessories,253.8,8,101.52,2131.92,2023-12-23,16:14,Credit card,2030.4,4.761904762,101.52,7.2
INV-0274-665,A,Mumbai,Member,Female,Sports and travel,98.82,3,14.823,311.28,2023-05-05,17:23,Cash,296.46,4.761950655,14.823,7.0
INV-0275-129,B,Delhi,Normal,Female,Health and beauty,84.92,7,29.722,624.16,2023-11-19,11:21,Cash,594.44,4.761920021,29.722,5.5
INV-0276-385,F,Pune,Member,Female,Home and lifestyle,280.55,1,14.0275,294.58,2023-12-27,11:54,Cash,280.55,4.761864349,14.0275,5.6
INV-0277-640,G,Kolkata,Member,Male,Home and lifestyle,144.7,6,43.41,911.61,2023-04-11,16:19,Cash,868.2,4.761904762,43.41,6.6
INV-0278-732,F,Pune,Normal,Female,Home and lifestyle,259.82,2,25.982,545.62,2023-06-28,14:24,Credit card,519.64,4.761922217,25.982,9.5
INV-0279-623,B,Delhi,Normal,Male,Sports and travel,115.41,2,11.541,242.36,2023-05-03,13:33,Cash,230.82,4.76192441,11.541,7.4
INV-0280-810,D,Chennai,Normal,Male,Home and lifestyle,254.88,3,38.232,802.87,2023-09-07,19:34,Ewallet,764.64,4.761916624,38.232,8.6
INV-0281-109,F,Pune,Member,Male,Health and beauty,100.87,3,15.1305,317.74,2023-06-11,16:12,Ewallet,302.61,4.761912255,15.1305,8.1
INV-0282-801,D,Chennai,Member,Male,Health and beauty,289.87,9,130.4415,2739.27,2023-12-01,17:00,Credit card,2608.83,4.761907369,130.4415,7.3
INV-0283-650,D,Chennai,Normal,Female,Health and beauty,66.83,10,33.415,701.71,2023-01-16,21:51,Cash,668.3,4.761938693,33.415,6.2
INV-0284-686,C,Bangalore,Member,Female,Home and lifestyle,455.81,8,182.324,3828.8,2023-10-09,17:17,Cash,3646.48,4.761909737,182.324,8.0
INV-0285-949,A,Mumbai,Normal,Female,Home and lifestyle,500.66,1,25.033,525.69,2023-08-14,17:56,Cash,500.66,4.761931937,25.033,7.2
INV-0286-894,F,Pune,Member,Female,Food and Beverages,59.47,6,17.841,374.66,2023-02-14,15:59,Cash,356.82,4.761917472,17.841,6.8
INV-0287-903,G,Kolkata,Member,Male,Sports and travel,421.85,6,126.555,2657.65,2023-12-30,19:06,Ewallet,2531.1,4.761913721,126.555,4.9
INV-0288-431,B,Delhi,Member,Male,Home and lifestyle,236.46,5,59.115,1241.41,2023-11-02,17:48,Cash,1182.3,4.761923941,59.115,7.7
INV-0289-160,F,Pune,Normal,Female,Home and lifestyle,189.71,9,85.3695,1792.76,2023-12-14,09:44,Cash,1707.39,4.761903434,85.3695,9.1
INV-0290-502,C,Bangalore,Member,Male,Electronic accessories,159.68,6,47.904,1005.98,2023-05-07,21:51,Ewallet,958.08,4.761923696,47.904,6.2
INV-0291-811,D,Chennai,Member,Female,Sports and travel,304.6,8,121.84,2558.64,2023-02-08,19:32,Cash,2436.8,4.761904762,121.84,4.8
INV-0292-814,C,Bangalore,Normal,Female,Fashion accessories,303.52,2,30.352,637.39,2023-08-23,19:33,Ewallet,607.04,4.761919704,30.352,7.9
INV-0293-691,C,Bangalore,Member,Female,Electronic accessories,776.1,4,155.22,3259.62,2023-09-11,12:53,Credit card,3104.4,4.761904762,155.22,7.4
INV-0294-116,B,Delhi,Normal,Female,Sports and travel,539.52,1,26.976,566.5,2023-02-20,19:23,Credit card,539.52,4.761871139,26.976,5.3
INV-0295-995,A,Mumbai,Member,Female,Health and beauty,20.19,7,7.0665,148.4,2023-04-14,20:32,Cash,141.33,4.761792453,7.0665,7.7
INV-0296-412,C,Bangalore,Member,Female,Fashion accessories,68.74,3,10.311,216.53,2023-01-27,15:12,Ewallet,206.22,4.761926754,10.311,5.9
INV-0297-631,F,Pune,Member,Female,Sports and travel,86.56,2,8.656,181.78,2023-01-01,11:53,Credit card,173.12,4.761799978,8.656,8.6
INV-0298-589,F,Pune,Normal,Male,Food and Beverages,86.52,2,8.652,181.69,2023-08-05,20:38,Cash,173.04,4.76195718,8.652,7.4
INV-0299-892,A,Mumbai,Member,Female,Food and Beverages,90.38,2,9.038,189.8,2023-02-22,13:42,Credit card,180.76,4.761854584,9.038,7.4
INV-0300-550,G,Kolkata,Member,Male,Food and Beverages,68.36,1,3.418,71.78,2023-11-09,19:49,Cash,68.36,4.761772081,3.418,6.2
INV-0301-847,C,Bangalore,Member,Male,Health and beauty,192.5,8,77.0,1617.0,2023-04-22,09:34,Cash,1540.0,4.761904762,77.0,7.3
INV-0302-354,D,Chennai,Normal,Female,Fashion accessories,401.81,4,80.362,1687.6,2023-05-22,19:44,Cash,1607.24,4.761910405,80.362,7.1
INV-0303-761,E,Hyderabad,Normal,Male,Sports and travel,616.18,4,123.236,2587.96,2023-09-23,19:02,Ewallet,2464.72,4.761897402,123.236,7.1
INV-0304-640,A,Mumbai,Member,Female,Health and beauty,51.57,8,20.628,433.19,2023-11-23,18:48,Cash,412.56,4.761882777,20.628,8.2
INV-0305-888,A,Mumbai,Normal,Female,Electronic accessories,340.13,10,170.065,3571.37,2023-08-04,14:39,Ewallet,3401.3,4.761898095,170.065,5.5
INV-0306-393,A,Mumbai,Member,Male,Food and Beverages,38.84,1,1.942,40.78,2023-01-31,15:14,Ewallet,38.84,4.762138303,1.942,4.5
INV-0307-623,F,Pune,Normal,Female,Sports and travel,296.54,9,133.443,2802.3,2023-10-03,19:12,Cash,2668.86,4.76190986,133.443,6.3
INV-0308-847,B,Delhi,Member,Female,Health and beauty,184.2,2,18.42,386.82,2023-06-08,20:43,Credit card,368.4,4.761904762,18.42,8.1
INV-0309-859,G,Kolkata,Member,Male,Electronic accessories,114.66,7,40.131,842.75,2023-03-01,16:15,Ewallet,802.62,4.761910412,40.131,5.8
INV-0310-635,F,Pune,Member,Male,Food and Beverages,87.87,1,4.3935,92.26,2023-03-25,17:02,Credit card,87.87,4.762085411,4.3935,6.0
INV-0311-165,E,Hyderabad,Normal,Male,Fashion accessories,89.66,5,22.415,470.72,2023-03-02,08:32,Credit card,448.3,4.761854181,22.415,6.9
INV-0312-476,C,Bangalore,Member,Female,Health and beauty,163.02,1,8.151,171.17,2023-09-13,18:19,Cash,163.02,4.761932582,8.151,5.7
INV-0313-112,B,Delhi,Normal,Male,Home and lifestyle,417.51,2,41.751,876.77,2023-04-27,21:29,Ewallet,835.02,4.761910193,41.751,9.5
INV-0314-922,B,Delhi,Member,Female,Fashion accessories,210.0,3,31.5,661.5,2023-04-02,08:38,Ewallet,630.0,4.761904762,31.5,6.8
INV-0315-153,F,Pune,Normal,Male,Fashion accessories,146.68,6,44.004,924.08,2023-05-19,09:25,Ewallet,880.08,4.761925374,44.004,5.3
INV-0316-188,B,Delhi,Member,Male,Health and beauty,39.3,8,15.72,330.12,2023-05-25,13:39,Credit card,314.4,4.761904762,15.72,8.1
INV-0317-605,E,Hyderabad,Normal,Male,Fashion accessories,124.32,10,62.16,1305.36,2023-06-05,21:27,Ewallet,1243.2,4.761904762,62.16,6.6
INV-0318-454,G,Kolkata,Member,Male,Electronic accessories,54.78,7,19.173,402.63,2023-01-13,12:14,Ewallet,383.46,4.761940243,19.173,8.2
INV-0319-603,F,Pune,Member,Female,Food and Beverages,93.48,7,32.718,687.08,2023-06-07,09:53,Cash,654.36,4.761890901,32.718,5.7
INV-0320-481,A,Mumbai,Member,Female,Food and Beverages,14.83,4,2.966,62.29,2023-09-24,15:31,Ewallet,59.32,4.761598973,2.966,6.6
INV-0321-233,D,Chennai,Member,Male,Home and lifestyle,114.77,7,40.1695,843.56,2023-02-08,18:46,Ewallet,803.39,4.761901939,40.1695,8.8
INV-0322-425,B,Delhi,Normal,Female,Fashion accessories,465.24,7,162.834,3419.51,2023-12-25,21:23,Credit card,3256.68,4.761910332,162.834,7.3
INV-0323-421,D,Chennai,Normal,Male,Food and Beverages,113.79,3,17.0685,358.44,2023-10-27,09:59,Cash,341.37,4.761884834,17.0685,7.8
INV-0324-261,D,Chennai,Member,Female,Electronic accessories,388.94,8,155.576,3267.1,2023-05-16,10:10,Cash,3111.52,4.761898932,155.576,7.8
INV-0325-625,G,Kolkata,Normal,Male,Electronic accessories,676.94,6,203.082,4264.72,2023-03-17,09:39,Ewallet,4061.64,4.761906995,203.082,6.5
INV-0326-663,A,Mumbai,Normal,Female,Electronic accessories,73.31,7,25.6585,538.83,2023-08-20,18:07,Ewallet,513.17,4.761891506,25.6585,7.9
INV-0327-233,B,Delhi,Member,Female,Food and Beverages,98.43,3,14.7645,310.05,2023-03-04,08:13,Cash,295.29,4.761973875,14.7645,8.9
INV-0328-932,B,Delhi,Normal,Female,Sports and travel,450.45,2,45.045,945.94,2023-10-26,18:40,Credit card,900.9,4.761929932,45.045,2.8
INV-0329-151,A,Mumbai,Member,Male,Electronic accessories,726.87,8,290.748,6105.71,2023-03-07,09:40,Credit card,5814.96,4.761903202,290.748,9.4
INV-0330-291,B,Delhi,Normal,Female,Health and beauty,28.26,7,9.891,207.71,2023-03-30,14:26,Cash,197.82,4.761927688,9.891,9.0
INV-0331-663,C,Bangalore,Normal,Female,Electronic accessories,75.99,10,37.995,797.89,2023-11-12,12:28,Ewallet,759.9,4.761934603,37.995,6.1
INV-0332-355,D,Chennai,Member,Male,Fashion accessories,210.02,7,73.507,1543.65,2023-04-13,19:41,Ewallet,1470.14,4.761895507,73.507,8.3
INV-0333-284,F,Pune,Member,Female,Sports and travel,267.4,9,120.33,2526.93,2023-09-06,14:15,Ewallet,2406.6,4.761904762,120.33,5.3
INV-0334-466,A,Mumbai,Normal,Male,Food and Beverages,108.53,5,27.1325,569.78,2023-01-30,16:35,Ewallet,542.65,4.761925656,27.1325,6.5
INV-0335-324,G,Kolkata,Member,Male,Food and Beverages,37.26,4,7.452,156.49,2023-05-17,17:42,Ewallet,149.04,4.761965621,7.452,10.0
INV-0336-467,E,Hyderabad,Normal,Female,Electronic accessories,182.08,10,91.04,1911.84,2023-06-12,21:26,Ewallet,1820.8,4.761904762,91.04,8.2
INV-0337-192,E,Hyderabad,Member,Female,Home and lifestyle,355.62,10,177.81,3734.01,2023-04-07,16:57,Ewallet,3556.2,4.761904762,177.81,6.2
INV-0338-925,A,Mumbai,Member,Male,Food and Beverages,67.91,1,3.3955,71.31,2023-06-19,19:10,Cash,67.91,4.761604263,3.3955,8.4
INV-0339-981,B,Delhi,Normal,Male,Fashion accessories,57.99,3,8.6985,182.67,2023-10-28,20:49,Cash,173.97,4.761865659,8.6985,6.9
INV-0340-409,C,Bangalore,Member,Female,Sports and travel,660.8,7,231.28,4856.88,2023-10-28,09:50,Credit card,4625.6,4.761904762,231.28,3.9
INV-0341-728,C,Bangalore,Member,Male,Sports and travel,665.37,8,266.148,5589.11,2023-11-29,13:46,Cash,5322.96,4.761903058,266.148,6.3
INV-0342-805,G,Kolkata,Normal,Male,Sports and travel,422.54,3,63.381,1331.0,2023-07-13,13:35,Ewallet,1267.62,4.76190834,63.381,4.6
INV-0343-928,C,Bangalore,Member,Male,Sports and travel,26.21,10,13.105,275.21,2023-07-20,18:19,Cash,262.1,4.761818248,13.105,7.3
INV-0344-271,E,Hyderabad,Member,Male,Health and beauty,59.38,2,5.938,124.7,2023-05-02,14:18,Credit card,118.76,4.761828388,5.938,8.0
INV-0345-837,F,Pune,Member,Female,Health and beauty,23.19,4,4.638,97.4,2023-05-08,20:37,Cash,92.76,4.761806982,4.638,5.2
INV-0346-459,A,Mumbai,Member,Female,Health and beauty,225.12,3,33.768,709.13,2023-07-31,16:58,Credit card,675.36,4.761891332,33.768,8.9
INV-0347-918,E,Hyderabad,Normal,Male,Health and beauty,240.84,10,120.42,2528.82,2023-11-30,21:48,Ewallet,2408.4,4.761904762,120.42,6.8
INV-0348-484,G,Kolkata,Member,Female,Food and Beverages,45.06,2,4.506,94.63,2023-02-07,14:13,Cash,90.12,4.761703477,4.506,8.4
INV-0349-721,B,Delhi,Member,Male,Fashion accessories,309.19,10,154.595,3246.49,2023-09-05,20:49,Cash,3091.9,4.761912096,154.595,4.8
INV-0350-839,D,Chennai,Member,Male,Food and Beverages,46.42,4,9.284,194.96,2023-07-29,20:41,Ewallet,185.68,4.762002462,9.284,7.7
INV-0351-469,F,Pune,Normal,Female,Fashion accessories,141.65,1,7.0825,148.73,2023-07-21,18:24,Ewallet,141.65,4.761984805,7.0825,7.0
INV-0352-126,A,Mumbai,Normal,Male,Fashion accessories,417.23,10,208.615,4380.91,2023-09-03,11:38,Cash,4172.3,4.761910197,208.615,5.8
INV-0353-193,B,Delhi,Member,Female,Food and Beverages,62.09,2,6.209,130.39,2023-06-07,15:14,Credit card,124.18,4.761868241,6.209,4.6
INV-0354-369,F,Pune,Normal,Male,Fashion accessories,446.18,6,133.854,2810.93,2023-04-06,16:06,Cash,2677.08,4.761911538,133.854,6.7
INV-0355-452,D,Chennai,Normal,Female,Electronic accessories,677.81,10,338.905,7117.01,2023-02-01,10:45,Ewallet,6778.1,4.761901416,338.905,6.2
INV-0356-803,G,Kolkata,Normal,Male,Home and lifestyle,74.15,7,25.9525,545.0,2023-09-25,15:37,Ewallet,519.05,4.761926606,25.9525,5.9
INV-0357-793,G,Kolkata,Normal,Male,Health and beauty,103.68,7,36.288,762.05,2023-01-18,17:08,Ewallet,725.76,4.761892264,36.288,8.7
INV-0358-143,E,Hyderabad,Member,Male,Health and beauty,68.41,3,10.2615,215.49,2023-04-19,11:30,Cash,205.23,4.761937909,10.2615,5.2
INV-0359-168,D,Chennai,Member,Female,Electronic accessories,797.95,3,119.6925,2513.54,2023-11-01,12:41,Credit card,2393.85,4.761909498,119.6925,9.6
INV-0360-905,A,Mumbai,Normal,Female,Home and lifestyle,222.63,5,55.6575,1168.81,2023-09-24,16:20,Cash,1113.15,4.761894577,55.6575,4.7
INV-0361-203,F,Pune,Normal,Male,Health and beauty,61.9,10,30.95,649.95,2023-10-29,18:36,Cash,619.0,4.761904762,30.95,8.2
INV-0362-138,G,Kolkata,Normal,Female,Health and beauty,93.96,8,37.584,789.26,2023-10-20,19:05,Credit card,751.68,4.761928895,37.584,5.6
INV-0363-586,B,Delhi,Normal,Female,Electronic accessories,513.68,7,179.788,3775.55,2023-01-20,15:12,Credit card,3595.76,4.761902239,179.788,6.3
INV-0364-978,C,Bangalore,Normal,Male,Fashion accessories,414.17,5,103.5425,2174.39,2023-06-09,13:06,Credit card,2070.85,4.761910237,103.5425,6.1
INV-0365-292,F,Pune,Member,Male,Electronic accessories,275.36,8,110.144,2313.02,2023-06-14,12:54,Ewallet,2202.88,4.761912997,110.144,4.9
INV-0366-910,D,Chennai,Member,Female,Sports and travel,352.01,9,158.4045,3326.49,2023-07-11,09:01,Ewallet,3168.09,4.761911204,158.4045,7.9
INV-0367-305,B,Delhi,Member,Female,Sports and travel,367.09,3,55.0635,1156.33,2023-09-26,18:21,Cash,1101.27,4.761919175,55.0635,8.2
INV-0368-477,G,Kolkata,Member,Male,Food and Beverages,60.21,6,18.063,379.32,2023-12-27,11:37,Credit card,361.26,4.761942423,18.063,9.5
INV-0369-991,G,Kolkata,Normal,Female,Sports and travel,648.07,1,32.4035,680.47,2023-05-04,14:46,Credit card,648.07,4.761929255,32.4035,5.7
INV-0370-128,D,Chennai,Normal,Female,Electronic accessories,678.24,5,169.56,3560.76,2023-12-19,09:38,Credit card,3391.2,4.761904762,169.56,6.0
INV-0371-519,D,Chennai,Member,Male,Home and lifestyle,476.7,4,95.34,2002.14,2023-04-24,19:47,Cash,1906.8,4.761904762,95.34,6.3
INV-0372-358,E,Hyderabad,Member,Male,Health and beauty,275.22,3,41.283,866.94,2023-11-04,08:09,Cash,825.66,4.76192124,41.283,5.7
INV-0373-944,E,Hyderabad,Normal,Female,Health and beauty,270.74,6,81.222,1705.66,2023-08-24,12:35,Cash,1624.44,4.761910346,81.222,4.3
INV-0374-723,E,Hyderabad,Normal,Male,Food and Beverages,66.27,6,19.881,417.5,2023-10-15,19:47,Ewallet,397.62,4.761916168,19.881,7.0
INV-0375-767,C,Bangalore,Normal,Male,Health and beauty,37.87,5,9.4675,198.82,2023-11-24,13:55,Credit card,189.35,4.761844885,9.4675,6.3
INV-0376-427,C,Bangalore,Member,Male,Home and lifestyle,468.67,1,23.4335,492.1,2023-11-04,15:21,Ewallet,468.67,4.76193863,23.4335,9.2
INV-0377-825,F,Pune,Member,Male,Sports and travel,360.73,5,90.1825,1893.83,2023-05-13,15:37,Credit card,1803.65,4.761911048,90.1825,6.5
INV-0378-467,E,Hyderabad,Member,Female,Sports and travel,506.52,9,227.934,4786.61,2023-11-23,16:39,Ewallet,4558.68,4.761908741,227.934,7.1
INV-0379-927,E,Hyderabad,Normal,Male,Sports and travel,616.63,3,92.4945,1942.38,2023-05-31,09:46,Credit card,1849.89,4.761915794,92.4945,7.3
INV-0380-530,E,Hyderabad,Member,Female,Sports and travel,85.28,6,25.584,537.26,2023-04-25,21:32,Credit card,511.68,4.761940215,25.584,7.6
INV-0381-735,G,Kolkata,Normal,Female,Fashion accessories,305.22,8,122.088,2563.85,2023-03-02,16:33,Cash,2441.76,4.761901047,122.088,7.8
INV-0382-155,A,Mumbai,Normal,Male,Home and lifestyle,107.1,7,37.485,787.19,2023-09-29,13:25,Credit card,749.7,4.761874516,37.485,5.0
INV-0383-182,G,Kolkata,Member,Male,Electronic accessories,307.0,10,153.5,3223.5,2023-08-23,10:36,Credit card,3070.0,4.761904762,153.5,7.4
INV-0384-879,D,Chennai,Normal,Male,Fashion accessories,328.21,1,16.4105,344.62,2023-08-20,12:58,Cash,328.21,4.761911671,16.4105,5.8
INV-0385-588,G,Kolkata,Member,Male,Health and beauty,239.86,2,23.986,503.71,2023-03-08,19:11,Credit card,479.72,4.761866947,23.986,5.8
INV-0386-295,D,Chennai,Member,Male,Home and lifestyle,151.67,6,45.501,955.52,2023-01-08,13:51,Ewallet,910.02,4.761909745,45.501,5.7
INV-0387-271,A,Mumbai,Member,Male,Electronic accessories,570.14,6,171.042,3591.88,2023-06-09,10:20,Cash,3420.84,4.761907413,171.042,5.3
INV-0388-544,A,Mumbai,Member,Female,Fashion accessories,244.29,9,109.9305,2308.54,2023-11-02,17:32,Credit card,2198.61,4.761905793,109.9305,8.1
INV-0389-234,F,Pune,Member,Female,Health and beauty,120.59,4,24.118,506.48,2023-03-26,15:20,Cash,482.36,4.761885958,24.118,7.1
INV-0390-889,B,Delhi,Member,Male,Food and Beverages,50.33,1,2.5165,52.85,2023-07-12,19:39,Credit card,50.33,4.761589404,2.5165,9.2
INV-0391-660,E,Hyderabad,Member,Male,Sports and travel,97.98,1,4.899,102.88,2023-01-25,20:33,Cash,97.98,4.761858476,4.899,5.5
INV-0392-203,C,Bangalore,Normal,Male,Electronic accessories,571.39,1,28.5695,599.96,2023-06-04,15:39,Ewallet,571.39,4.761900793,28.5695,7.2
INV-0393-208,F,Pune,Normal,Male,Health and beauty,252.58,2,25.258,530.42,2023-09-19,21:05,Ewallet,505.16,4.761886807,25.258,7.0
INV-0394-402,D,Chennai,Member,Male,Fashion accessories,420.8,4,84.16,1767.36,2023-07-03,20:48,Credit card,1683.2,4.761904762,84.16,7.3
INV-0395-213,B,Delhi,Member,Female,Electronic accessories,566.15,8,226.46,4755.66,2023-06-19,12:16,Cash,4529.2,4.761904762,226.46,7.4
INV-0396-336,G,Kolkata,Normal,Male,Food and Beverages,95.75,2,9.575,201.07,2023-02-21,12:39,Ewallet,191.5,4.762023176,9.575,6.6
INV-0397-856,D,Chennai,Normal,Female,Health and beauty,34.02,3,5.103,107.16,2023-01-21,13:17,Credit card,102.06,4.762038074,5.103,6.9
INV-0398-736,A,Mumbai,Member,Male,Food and Beverages,103.72,3,15.558,326.72,2023-06-18,14:30,Credit card,311.16,4.761875612,15.558,5.6
INV-0399-589,C,Bangalore,Member,Female,Fashion accessories,115.95,7,40.5825,852.23,2023-07-24,16:18,Credit card,811.65,4.761918731,40.5825,8.0
INV-0400-704,G,Kolkata,Normal,Male,Food and Beverages,24.58,1,1.229,25.81,2023-03-23,09:53,Credit card,24.58,4.761720263,1.229,4.5
INV-0401-233,D,Chennai,Normal,Male,Home and lifestyle,252.66,6,75.798,1591.76,2023-11-10,08:31,Ewallet,1515.96,4.761898779,75.798,8.3
INV-0402-112,D,Chennai,Normal,Male,Health and beauty,143.39,2,14.339,301.12,2023-05-14,19:55,Credit card,286.78,4.761888948,14.339,4.8
INV-0403-779,F,Pune,Member,Female,Home and lifestyle,332.94,10,166.47,3495.87,2023-02-18,15:52,Ewallet,3329.4,4.761904762,166.47,6.5
INV-0404-260,F,Pune,Normal,Male,Home and lifestyle,539.55,10,269.775,5665.27,2023-01-28,08:12,Ewallet,5395.5,4.761908965,269.775,4.8
INV-0405-328,E,Hyderabad,Normal,Female,Electronic accessories,106.15,8,42.46,891.66,2023-06-14,12:23,Credit card,849.2,4.761904762,42.46,7.0
INV-0406-977,E,Hyderabad,Normal,Female,Electronic accessories,109.12,8,43.648,916.61,2023-10-21,16:09,Cash,872.96,4.761894372,43.648,6.4
INV-0407-945,D,Chennai,Normal,Female,Food and Beverages,117.87,1,5.8935,123.76,2023-02-22,15:20,Credit card,117.87,4.762039431,5.8935,8.3
INV-0408-964,A,Mumbai,Normal,Male,Sports and travel,478.25,6,143.475,3012.97,2023-07-06,08:59,Cash,2869.5,4.761912664,143.475,6.9
INV-0409-949,D,Chennai,Normal,Female,Sports and travel,468.59,8,187.436,3936.16,2023-02-28,09:46,Ewallet,3748.72,4.761899923,187.436,6.7
INV-0410-860,F,Pune,Normal,Female,Sports and travel,96.77,3,14.5155,304.83,2023-09-10,10:33,Ewallet,290.31,4.761834465,14.5155,7.8
INV-0411-833,F,Pune,Normal,Male,Fashion accessories,317.1,4,63.42,1331.82,2023-03-03,15:09,Cash,1268.4,4.761904762,63.42,4.0
INV-0412-774,C,Bangalore,Member,Female,Food and Beverages,111.93,10,55.965,1175.26,2023-03-05,16:12,Credit card,1119.3,4.761925021,55.965,7.5
INV-0413-281,E,Hyderabad,Member,Female,Food and Beverages,68.34,1,3.417,71.76,2023-10-11,15:52,Ewallet,68.34,4.761705686,3.417,5.0
INV-0414-493,F,Pune,Member,Male,Food and Beverages,52.61,10,26.305,552.4,2023-11-07,13:51,Ewallet,526.1,4.761947864,26.305,7.0
INV-0415-866,D,Chennai,Member,Female,Health and beauty,289.81,5,72.4525,1521.5,2023-08-20,10:25,Cash,1449.05,4.761912586,72.4525,4.8
INV-0416-314,E,Hyderabad,Normal,Female,Sports and travel,522.35,9,235.0575,4936.21,2023-11-20,11:57,Cash,4701.15,4.76190235,235.0575,7.7
INV-0417-879,E,Hyderabad,Normal,Female,Sports and travel,114.55,3,17.1825,360.83,2023-09-15,17:52,Ewallet,343.65,4.761937755,17.1825,5.0
INV-0418-635,C,Bangalore,Normal,Female,Sports and travel,529.81,9,238.4145,5006.7,2023-05-27,15:41,Cash,4768.29,4.761909042,238.4145,4.7
INV-0419-249,A,Mumbai,Member,Female,Electronic accessories,89.8,1,4.49,94.29,2023-04-13,12:51,Cash,89.8,4.761904762,4.49,9.1
INV-0420-730,G,Kolkata,Member,Female,Electronic accessories,615.2,1,30.76,645.96,2023-07-03,16:14,Cash,615.2,4.761904762,30.76,6.6
INV-0421-907,G,Kolkata,Member,Female,Electronic accessories,433.19,5,108.2975,2274.25,2023-12-21,20:05,Cash,2165.95,4.761899527,108.2975,8.1
INV-0422-748,F,Pune,Normal,Male,Food and Beverages,91.8,4,18.36,385.56,2023-11-14,16:03,Cash,367.2,4.761904762,18.36,5.8
INV-0423-852,F,Pune,Normal,Male,Sports and travel,675.9,5,168.975,3548.47,2023-08-18,11:13,Ewallet,3379.5,4.761911472,168.975,9.9
INV-0424-698,E,Hyderabad,Member,Female,Food and Beverages,57.14,9,25.713,539.97,2023-05-16,10:22,Cash,514.26,4.761931218,25.713,8.5
INV-0425-740,G,Kolkata,Normal,Male,Fashion accessories,249.18,3,37.377,784.92,2023-01-21,10:47,Credit card,747.54,4.761886562,37.377,4.4
INV-0426-325,E,Hyderabad,Normal,Female,Home and lifestyle,348.09,2,34.809,730.99,2023-12-29,13:47,Ewallet,696.18,4.761898248,34.809,5.0
INV-0427-439,B,Delhi,Member,Male,Health and beauty,172.06,7,60.221,1264.64,2023-02-17,14:21,Cash,1204.42,4.761908527,60.221,8.4
INV-0428-784,C,Bangalore,Normal,Male,Home and lifestyle,337.08,9,151.686,3185.41,2023-11-29,08:09,Cash,3033.72,4.761898782,151.686,5.0
INV-0429-915,C,Bangalore,Normal,Male,Sports and travel,439.25,10,219.625,4612.12,2023-05-05,08:43,Ewallet,4392.5,4.761909924,219.625,7.6
INV-0430-922,A,Mumbai,Normal,Female,Home and lifestyle,445.43,1,22.2715,467.7,2023-09-22,14:49,Ewallet,445.43,4.761920034,22.2715,5.5
INV-0431-891,E,Hyderabad,Normal,Female,Food and Beverages,42.61,4,8.522,178.96,2023-06-14,17:21,Cash,170.44,4.761957979,8.522,7.4
INV-0432-310,E,Hyderabad,Member,Male,Electronic accessories,552.75,4,110.55,2321.55,2023-12-17,15:43,Cash,2211.0,4.761904762,110.55,6.5
INV-0433-282,E,Hyderabad,Normal,Male,Sports and travel,488.08,1,24.404,512.48,2023-08-24,21:03,Credit card,488.08,4.761941929,24.404,7.1
INV-0434-745,G,Kolkata,Normal,Male,Home and lifestyle,500.11,5,125.0275,2625.58,2023-07-28,15:03,Credit card,2500.55,4.761900228,125.0275,6.6
INV-0435-863,D,Chennai,Normal,Female,Food and Beverages,52.85,2,5.285,110.98,2023-10-01,08:06,Ewallet,105.7,4.762119301,5.285,6.4
INV-0436-721,E,Hyderabad,Member,Male,Fashion accessories,466.18,2,46.618,978.98,2023-05-29,20:29,Credit card,932.36,4.761895034,46.618,6.3
INV-0437-915,A,Mumbai,Normal,Female,Health and beauty,130.63,1,6.5315,137.16,2023-08-31,10:50,Ewallet,130.63,4.761956839,6.5315,7.0
INV-0438-244,G,Kolkata,Normal,Male,Fashion accessories,348.33,6,104.499,2194.48,2023-01-06,18:04,Ewallet,2089.98,4.761902592,104.499,8.9
INV-0439-843,A,Mumbai,Member,Male,Home and lifestyle,374.13,9,168.3585,3535.53,2023-10-08,09:32,Credit card,3367.17,4.761902742,168.3585,7.4
INV-0440-731,C,Bangalore,Member,Female,Sports and travel,599.73,3,89.9595,1889.15,2023-03-24,11:20,Cash,1799.19,4.761903502,89.9595,9.2
INV-0441-397,G,Kolkata,Normal,Male,Food and Beverages,29.95,10,14.975,314.48,2023-01-28,21:40,Ewallet,299.5,4.761829051,14.975,4.7
INV-0442-231,F,Pune,Member,Female,Food and Beverages,31.72,10,15.86,333.06,2023-09-07,14:01,Credit card,317.2,4.761904762,15.86,7.3
INV-0443-810,F,Pune,Member,Male,Fashion accessories,321.17,4,64.234,1348.91,2023-06-12,16:50,Credit card,1284.68,4.761918883,64.234,5.8
INV-0444-904,E,Hyderabad,Member,Female,Fashion accessories,480.57,3,72.0855,1513.8,2023-01-03,13:42,Cash,1441.71,4.761890606,72.0855,8.7
INV-0445-664,B,Delhi,Normal,Female,Fashion accessories,93.12,6,27.936,586.66,2023-09-03,16:25,Credit card,558.72,4.761872294,27.936,5.7
INV-0446-851,A,Mumbai,Member,Male,Fashion accessories,433.6,3,65.04,1365.84,2023-10-03,11:34,Credit card,1300.8,4.761904762,65.04,7.8
INV-0447-137,F,Pune,Member,Male,Food and Beverages,103.45,1,5.1725,108.62,2023-10-25,18:32,Credit card,103.45,4.762014362,5.1725,6.9
INV-0448-850,E,Hyderabad,Normal,Female,Sports and travel,548.26,6,164.478,3454.04,2023-07-20,12:03,Ewallet,3289.56,4.761902005,164.478,5.5
INV-0449-925,G,Kolkata,Normal,Male,Health and beauty,160.31,2,16.031,336.65,2023-07-23,14:37,Ewallet,320.62,4.761918907,16.031,7.6
INV-0450-853,E,Hyderabad,Member,Male,Health and beauty,64.58,10,32.29,678.09,2023-10-17,20:00,Cash,645.8,4.761904762,32.29,6.9
INV-0451-311,F,Pune,Normal,Female,Food and Beverages,34.07,8,13.628,286.19,2023-04-29,09:08,Credit card,272.56,4.761871484,13.628,6.2
INV-0452-205,E,Hyderabad,Normal,Female,Health and beauty,277.01,1,13.8505,290.86,2023-01-21,19:48,Credit card,277.01,4.761912948,13.8505,6.8
INV-0453-955,F,Pune,Normal,Female,Home and lifestyle,344.84,3,51.726,1086.25,2023-07-12,19:53,Credit card,1034.52,4.761887227,51.726,5.1
INV-0454-718,A,Mumbai,Normal,Female,Electronic accessories,437.28,6,131.184,2754.86,2023-06-26,16:51,Credit card,2623.68,4.761911676,131.184,8.1
INV-0455-716,A,Mumbai,Member,Female,Electronic accessories,222.49,9,100.1205,2102.53,2023-11-26,13:06,Cash,2002.41,4.761905894,100.1205,7.3
INV-0456-590,F,Pune,Member,Male,Health and beauty,247.13,2,24.713,518.97,2023-09-04,20:17,Credit card,494.26,4.761932289,24.713,7.5
INV-0457-686,B,Delhi,Member,Female,Food and Beverages,36.8,3,5.52,115.92,2023-10-21,18:47,Cash,110.4,4.761904762,5.52,8.0
INV-0458-752,B,Delhi,Member,Male,Fashion accessories,463.55,9,208.5975,4380.55,2023-07-27,18:54,Ewallet,4171.95,4.761902044,208.5975,8.1
INV-0459-913,A,Mumbai,Normal,Male,Electronic accessories,386.9,8,154.76,3249.96,2023-09-04,11:06,Cash,3095.2,4.761904762,154.76,7.5
INV-0460-170,E,Hyderabad,Member,Female,Electronic accessories,593.14,6,177.942,3736.78,2023-08-21,18:51,Ewallet,3558.84,4.761907311,177.942,5.0
INV-0461-198,B,Delhi,Normal,Female,Electronic accessories,131.43,4,26.286,552.01,2023-09-25,17:10,Ewallet,525.72,4.761870256,26.286,5.8
INV-0462-233,B,Delhi,Normal,Male,Home and lifestyle,321.86,2,32.186,675.91,2023-02-17,16:46,Ewallet,643.72,4.761876581,32.186,6.9
INV-0463-908,E,Hyderabad,Member,Female,Home and lifestyle,275.58,1,13.779,289.36,2023-12-24,17:38,Credit card,275.58,4.761888305,13.779,7.1
INV-0464-360,G,Kolkata,Normal,Female,Home and lifestyle,490.59,10,245.295,5151.19,2023-02-20,15:44,Cash,4905.9,4.761909384,245.295,9.2
INV-0465-107,D,Chennai,Member,Male,Fashion accessories,311.2,9,140.04,2940.84,2023-07-29,12:41,Cash,2800.8,4.761904762,140.04,9.3
INV-0466-258,E,Hyderabad,Member,Male,Health and beauty,203.27,6,60.981,1280.6,2023-07-29,14:35,Cash,1219.62,4.76190848,60.981,6.9
INV-0467-665,D,Chennai,Normal,Female,Home and lifestyle,277.19,6,83.157,1746.3,2023-11-10,13:00,Ewallet,1663.14,4.761896581,83.157,5.7
INV-0468-452,G,Kolkata,Normal,Male,Fashion accessories,292.77,8,117.108,2459.27,2023-05-10,13:34,Ewallet,2342.16,4.761900889,117.108,7.1
INV-0469-904,G,Kolkata,Normal,Male,Sports and travel,105.38,4,21.076,442.6,2023-08-17,20:43,Cash,421.52,4.761861726,21.076,7.9
INV-0470-714,C,Bangalore,Member,Male,Health and beauty,290.08,1,14.504,304.58,2023-02-16,10:38,Credit card,290.08,4.761967299,14.504,7.9
INV-0471-728,D,Chennai,Member,Male,Fashion accessories,134.23,2,13.423,281.88,2023-11-08,08:41,Ewallet,268.46,4.761955442,13.423,3.6
INV-0472-923,F,Pune,Normal,Male,Electronic accessories,530.22,8,212.088,4453.85,2023-01-06,11:40,Ewallet,4241.76,4.761902624,212.088,9.4
INV-0473-468,E,Hyderabad,Normal,Male,Food and Beverages,96.24,9,43.308,909.47,2023-09-22,20:42,Cash,866.16,4.76189429,43.308,4.8
INV-0474-515,B,Delhi,Member,Male,Food and Beverages,119.65,7,41.8775,879.43,2023-06-30,20:11,Credit card,837.55,4.761891225,41.8775,5.3
INV-0475-456,E,Hyderabad,Member,Male,Sports and travel,499.94,2,49.994,1049.87,2023-10-09,13:10,Ewallet,999.88,4.761922905,49.994,8.4
INV-0476-367,C,Bangalore,Normal,Male,Home and lifestyle,579.31,8,231.724,4866.2,2023-07-26,18:27,Cash,4634.48,4.761908676,231.724,3.6
INV-0477-932,B,Delhi,Normal,Male,Home and lifestyle,80.54,5,20.135,422.83,2023-06-24,10:07,Ewallet,402.7,4.761961072,20.135,9.5
INV-0478-571,G,Kolkata,Normal,Female,Health and beauty,177.69,4,35.538,746.3,2023-06-23,16:21,Ewallet,710.76,4.761892001,35.538,5.7
INV-0479-522,E,Hyderabad,Member,Female,Food and Beverages,38.36,7,13.426,281.95,2023-11-21,12:00,Ewallet,268.52,4.761837205,13.426,6.0
INV-0480-177,C,Bangalore,Member,Female,Electronic accessories,265.47,7,92.9145,1951.2,2023-12-11,21:37,Credit card,1858.29,4.761915744,92.9145,4.2
INV-0481-610,E,Hyderabad,Member,Female,Fashion accessories,196.16,10,98.08,2059.68,2023-05-18,11:19,Ewallet,1961.6,4.761904762,98.08,5.5
INV-0482-954,F,Pune,Member,Male,Sports and travel,188.39,5,47.0975,989.05,2023-04-16,12:10,Cash,941.95,4.761892725,47.0975,3.8
INV-0483-654,B,Delhi,Normal,Male,Food and Beverages,23.19,2,2.319,48.7,2023-12-13,20:04,Credit card,46.38,4.761806982,2.319,4.6
INV-0484-882,A,Mumbai,Normal,Female,Home and lifestyle,216.63,10,108.315,2274.62,2023-05-21,16:56,Cash,2166.3,4.761894294,108.315,4.8
INV-0485-614,E,Hyderabad,Normal,Female,Electronic accessories,612.63,3,91.8945,1929.78,2023-01-28,17:34,Credit card,1837.89,4.761915866,91.8945,4.6
INV-0486-108,C,Bangalore,Normal,Male,Health and beauty,293.42,9,132.039,2772.82,2023-08-24,13:44,Ewallet,2640.78,4.761903045,132.039,6.8
INV-0487-582,A,Mumbai,Member,Female,Home and lifestyle,96.42,6,28.926,607.45,2023-11-10,12:43,Cash,578.52,4.761873405,28.926,5.7
INV-0488-473,E,Hyderabad,Normal,Female,Electronic accessories,424.08,4,84.816,1781.14,2023-08-03,20:45,Credit card,1696.32,4.761894068,84.816,6.2
INV-0489-923,G,Kolkata,Normal,Female,Health and beauty,70.37,3,10.5555,221.67,2023-10-22,20:29,Cash,211.11,4.761808093,10.5555,7.4
INV-0490-531,B,Delhi,Normal,Female,Electronic accessories,159.38,3,23.907,502.05,2023-08-31,08:10,Cash,478.14,4.761876307,23.907,4.3
INV-0491-320,D,Chennai,Member,Female,Health and beauty,104.01,9,46.8045,982.89,2023-10-18,08:52,Credit card,936.09,4.761926564,46.8045,7.5
INV-0492-673,G,Kolkata,Normal,Female,Sports and travel,90.0,6,27.0,567.0,2023-05-14,14:34,Credit card,540.0,4.761904762,27.0,7.0
INV-0493-651,E,Hyderabad,Normal,Female,Food and Beverages,55.29,6,16.587,348.33,2023-12-14,19:01,Cash,331.74,4.76186375,16.587,4.6
INV-0494-728,B,Delhi,Normal,Female,Fashion accessories,346.4,8,138.56,2909.76,2023-08-17,09:25,Credit card,2771.2,4.761904762,138.56,5.5
INV-0495-173,C,Bangalore,Normal,Male,Electronic accessories,530.44,6,159.132,3341.77,2023-08-04,19:29,Ewallet,3182.64,4.761907612,159.132,3.9
INV-0496-760,A,Mumbai,Member,Female,Electronic accessories,285.11,5,71.2775,1496.83,2023-12-30,12:52,Ewallet,1425.55,4.761896809,71.2775,5.5
INV-0497-845,D,Chennai,Normal,Female,Fashion accessories,381.51,9,171.6795,3605.27,2023-08-19,15:32,Cash,3433.59,4.761904101,171.6795,6.6
INV-0498-661,B,Delhi,Normal,Male,Electronic accessories,175.18,2,17.518,367.88,2023-02-18,09:09,Credit card,350.36,4.761878874,17.518,6.8
INV-0499-499,A,Mumbai,Member,Female,Home and lifestyle,468.4,2,46.84,983.64,2023-02-23,12:46,Ewallet,936.8,4.761904762,46.84,8.0
INV-0500-129,C,Bangalore,Member,Male,Sports and travel,216.82,3,32.523,682.98,2023-03-09,17:35,Cash,650.46,4.761925679,32.523,8.6
INV-0501-652,A,Mumbai,Normal,Female,Health and beauty,150.81,9,67.8645,1425.15,2023-05-20,17:59,Credit card,1357.29,4.761919798,67.8645,8.9
INV-0502-652,B,Delhi,Normal,Female,Home and lifestyle,398.28,9,179.226,3763.75,2023-06-08,14:19,Credit card,3584.52,4.761899701,179.226,9.2
INV-0503-968,B,Delhi,Member,Female,Fashion accessories,201.92,5,50.48,1060.08,2023-03-21,13:31,Cash,1009.6,4.761904762,50.48,9.6
INV-0504-884,B,Delhi,Normal,Female,Health and beauty,169.83,8,67.932,1426.57,2023-09-02,13:27,Cash,1358.64,4.761911438,67.932,6.5
INV-0505-854,D,Chennai,Normal,Male,Food and Beverages,70.3,4,14.06,295.26,2023-07-30,18:12,Credit card,281.2,4.761904762,14.06,5.8
INV-0506-882,F,Pune,Normal,Female,Electronic accessories,247.24,7,86.534,1817.21,2023-11-17,12:21,Ewallet,1730.68,4.761915244,86.534,7.1
INV-0507-752,G,Kolkata,Normal,Female,Sports and travel,526.48,5,131.62,2764.02,2023-07-31,11:25,Cash,2632.4,4.761904762,131.62,7.0
INV-0508-150,D,Chennai,Normal,Female,Sports and travel,445.36,4,89.072,1870.51,2023-06-14,08:21,Cash,1781.44,4.761909853,89.072,7.6
INV-0509-605,E,Hyderabad,Member,Male,Food and Beverages,41.03,3,6.1545,129.24,2023-08-13,21:14,Cash,123.09,4.762070566,6.1545,6.9
INV-0510-910,B,Delhi,Normal,Female,Fashion accessories,399.29,8,159.716,3354.04,2023-07-10,16:26,Ewallet,3194.32,4.761899083,159.716,7.4
INV-0511-356,A,Mumbai,Normal,Male,Electronic accessories,92.03,7,32.2105,676.42,2023-02-06,17:53,Credit card,644.21,4.761908282,32.2105,7.8
INV-0512-855,G,Kolkata,Normal,Male,Food and Beverages,117.21,4,23.442,492.28,2023-07-17,16:03,Cash,468.84,4.761924108,23.442,9.4
INV-0513-430,A,Mumbai,Member,Female,Sports and travel,545.42,9,245.439,5154.22,2023-12-07,11:47,Credit card,4908.78,4.761903838,245.439,3.9
INV-0514-984,B,Delhi,Member,Male,Fashion accessories,256.18,5,64.045,1344.95,2023-04-12,14:33,Cash,1280.9,4.761887059,64.045,9.3
INV-0515-348,F,Pune,Member,Male,Electronic accessories,524.68,6,157.404,3305.48,2023-01-08,11:02,Credit card,3148.08,4.761910524,157.404,5.5
INV-0516-611,A,Mumbai,Member,Female,Sports and travel,427.44,6,128.232,2692.87,2023-02-15,12:31,Cash,2564.64,4.761908299,128.232,6.0
INV-0517-671,A,Mumbai,Normal,Male,Food and Beverages,49.11,3,7.3665,154.7,2023-12-26,17:45,Cash,147.33,4.761797027,7.3665,7.3
INV-0518-356,G,Kolkata,Normal,Female,Sports and travel,155.25,7,54.3375,1141.09,2023-07-03,21:11,Cash,1086.75,4.761894329,54.3375,7.3
INV-0519-579,A,Mumbai,Normal,Female,Home and lifestyle,205.04,8,82.016,1722.34,2023-04-08,18:18,Cash,1640.32,4.761893703,82.016,5.2
INV-0520-564,C,Bangalore,Member,Male,Home and lifestyle,126.81,5,31.7025,665.75,2023-05-15,17:51,Credit card,634.05,4.761922644,31.7025,6.4
INV-0521-651,A,Mumbai,Normal,Male,Food and Beverages,78.17,6,23.451,492.47,2023-11-14,12:20,Credit card,469.02,4.761914431,23.451,6.1
INV-0522-430,G,Kolkata,Normal,Male,Home and lifestyle,422.61,9,190.1745,3993.66,2023-03-20,19:09,Credit card,3803.49,4.761910128,190.1745,4.3
INV-0523-597,D,Chennai,Normal,Male,Food and Beverages,67.55,2,6.755,141.85,2023-01-23,10:21,Cash,135.1,4.762072612,6.755,7.2
INV-0524-738,B,Delhi,Member,Male,Home and lifestyle,399.38,7,139.783,2935.44,2023-12-03,16:55,Ewallet,2795.66,4.761909629,139.783,6.1
INV-0525-181,F,Pune,Normal,Male,Fashion accessories,133.74,2,13.374,280.85,2023-01-07,11:47,Ewallet,267.48,4.761972583,13.374,3.4
INV-0526-943,D,Chennai,Member,Female,Home and lifestyle,456.35,7,159.7225,3354.17,2023-07-08,20:53,Cash,3194.45,4.761908311,159.7225,7.0
INV-0527-644,E,Hyderabad,Normal,Male,Sports and travel,72.51,5,18.1275,380.68,2023-02-09,11:55,Ewallet,362.55,4.76187349,18.1275,8.5
INV-0528-867,D,Chennai,Member,Male,Home and lifestyle,407.85,10,203.925,4282.43,2023-11-17,11:15,Ewallet,4078.5,4.761899202,203.925,8.2
INV-0529-284,E,Hyderabad,Normal,Male,Sports and travel,414.18,8,165.672,3479.11,2023-12-26,20:06,Credit card,3313.44,4.761907499,165.672,7.2
INV-0530-663,E,Hyderabad,Normal,Female,Sports and travel,131.77,10,65.885,1383.59,2023-08-15,14:24,Credit card,1317.7,4.761887553,65.885,5.9
INV-0531-663,C,Bangalore,Normal,Female,Sports and travel,315.65,6,94.695,1988.6,2023-11-08,12:22,Ewallet,1893.9,4.761892789,94.695,5.1
INV-0532-391,F,Pune,Normal,Female,Health and beauty,145.3,7,50.855,1067.95,2023-01-01,21:13,Cash,1017.1,4.761927057,50.855,6.1
INV-0533-942,E,Hyderabad,Member,Male,Fashion accessories,33.09,4,6.618,138.98,2023-04-20,13:43,Cash,132.36,4.761836235,6.618,7.3
INV-0534-696,C,Bangalore,Member,Male,Food and Beverages,60.64,3,9.096,191.02,2023-03-12,12:49,Credit card,181.92,4.761805047,9.096,3.2
INV-0535-594,B,Delhi,Member,Female,Fashion accessories,73.2,7,25.62,538.02,2023-10-19,11:57,Ewallet,512.4,4.761904762,25.62,8.0
INV-0536-898,B,Delhi,Normal,Male,Home and lifestyle,399.66,1,19.983,419.64,2023-10-23,14:56,Cash,399.66,4.761938805,19.983,7.1
INV-0537-749,A,Mumbai,Normal,Female,Health and beauty,136.63,2,13.663,286.92,2023-04-27,21:36,Ewallet,273.26,4.761954552,13.663,8.5
INV-0538-434,G,Kolkata,Normal,Male,Fashion accessories,276.46,6,82.938,1741.7,2023-10-04,18:17,Cash,1658.76,4.761899294,82.938,3.7
INV-0539-542,E,Hyderabad,Member,Male,Food and Beverages,84.1,7,29.435,618.13,2023-08-17,21:42,Ewallet,588.7,4.761943281,29.435,6.2
INV-0540-661,C,Bangalore,Normal,Male,Electronic accessories,302.13,8,120.852,2537.89,2023-10-20,21:34,Cash,2417.04,4.761908515,120.852,6.2
INV-0541-685,D,Chennai,Normal,Male,Health and beauty,160.51,3,24.0765,505.61,2023-03-11,16:45,Ewallet,481.53,4.761871798,24.0765,7.0
INV-0542-191,B,Delhi,Member,Male,Food and Beverages,39.29,7,13.7515,288.78,2023-06-15,20:27,Ewallet,275.03,4.761929497,13.7515,8.2
INV-0543-458,A,Mumbai,Normal,Female,Fashion accessories,193.7,6,58.11,1220.31,2023-06-26,18:48,Ewallet,1162.2,4.761904762,58.11,7.8
INV-0544-259,E,Hyderabad,Normal,Male,Health and beauty,32.57,4,6.514,136.79,2023-04-13,20:28,Credit card,130.28,4.762044009,6.514,6.7
INV-0545-412,G,Kolkata,Member,Male,Sports and travel,61.81,10,30.905,649.0,2023-03-17,13:14,Cash,618.1,4.761941448,30.905,5.3
INV-0546-635,D,Chennai,Normal,Male,Fashion accessories,128.23,9,57.7035,1211.77,2023-04-19,11:42,Ewallet,1154.07,4.761918516,57.7035,8.8
INV-0547-779,G,Kolkata,Normal,Female,Home and lifestyle,448.76,3,67.314,1413.59,2023-12-22,20:43,Ewallet,1346.28,4.761918237,67.314,8.5
INV-0548-154,E,Hyderabad,Member,Female,Electronic accessories,95.08,4,19.016,399.34,2023-12-23,19:14,Credit card,380.32,4.761857064,19.016,7.0
INV-0549-336,D,Chennai,Member,Male,Health and beauty,204.9,6,61.47,1290.87,2023-02-25,08:20,Credit card,1229.4,4.761904762,61.47,8.3
INV-0550-612,D,Chennai,Member,Female,Health and beauty,262.7,9,118.215,2482.52,2023-02-15,11:23,Cash,2364.3,4.761895171,118.215,5.2
INV-0551-800,D,Chennai,Member,Male,Electronic accessories,741.7,5,185.425,3893.93,2023-06-20,16:55,Credit card,3708.5,4.761898647,185.425,6.8
INV-0552-363,C,Bangalore,Normal,Female,Electronic accessories,797.0,9,358.65,7531.65,2023-05-22,09:07,Ewallet,7173.0,4.761904762,358.65,6.2
INV-0553-794,D,Chennai,Member,Female,Electronic accessories,163.78,7,57.323,1203.78,2023-12-03,10:29,Cash,1146.46,4.761916629,57.323,6.6
INV-0554-559,E,Hyderabad,Member,Female,Electronic accessories,479.67,7,167.8845,3525.57,2023-06-09,19:01,Credit card,3357.69,4.76191084,167.8845,5.0
INV-0555-636,E,Hyderabad,Member,Male,Sports and travel,118.54,9,53.343,1120.2,2023-12-17,11:40,Cash,1066.86,4.761917515,53.343,6.0
INV-0556-645,B,Delhi,Normal,Male,Sports and travel,654.8,3,98.22,2062.62,2023-06-12,09:14,Ewallet,1964.4,4.761904762,98.22,8.7
INV-0557-521,F,Pune,Member,Male,Fashion accessories,424.58,3,63.687,1337.43,2023-01-16,21:56,Credit card,1273.74,4.76189408,63.687,7.9
INV-0558-880,C,Bangalore,Normal,Female,Electronic accessories,634.33,2,63.433,1332.09,2023-03-09,11:21,Cash,1268.66,4.761915486,63.433,5.4
INV-0559-966,E,Hyderabad,Normal,Male,Home and lifestyle,170.02,1,8.501,178.52,2023-07-03,09:26,Ewallet,170.02,4.761931436,8.501,6.6
INV-0560-297,E,Hyderabad,Normal,Female,Electronic accessories,689.1,8,275.64,5788.44,2023-08-31,10:30,Cash,5512.8,4.761904762,275.64,5.7
INV-0561-167,B,Delhi,Member,Female,Food and Beverages,111.8,7,39.13,821.73,2023-04-24,21:30,Ewallet,782.6,4.761904762,39.13,9.3
INV-0562-894,B,Delhi,Normal,Female,Sports and travel,244.3,8,97.72,2052.12,2023-05-07,15:47,Credit card,1954.4,4.761904762,97.72,6.3
INV-0563-139,A,Mumbai,Normal,Female,Health and beauty,191.22,10,95.61,2007.81,2023-11-01,17:45,Ewallet,1912.2,4.761904762,95.61,5.0
INV-0564-505,E,Hyderabad,Member,Female,Health and beauty,251.56,1,12.578,264.14,2023-05-06,17:26,Ewallet,251.56,4.761868706,12.578,5.0
INV-0565-947,F,Pune,Member,Female,Home and lifestyle,468.49,1,23.4245,491.91,2023-04-08,13:18,Credit card,468.49,4.761948324,23.4245,5.8
INV-0566-574,C,Bangalore,Normal,Male,Health and beauty,102.44,1,5.122,107.56,2023-12-20,17:24,Cash,102.44,4.761993306,5.122,7.3
INV-0567-561,G,Kolkata,Normal,Male,Sports and travel,362.94,3,54.441,1143.26,2023-10-27,20:40,Ewallet,1088.82,4.761908927,54.441,7.5
INV-0568-431,A,Mumbai,Member,Female,Home and lifestyle,542.11,4,108.422,2276.86,2023-08-21,09:38,Credit card,2168.44,4.761908945,108.422,8.0
INV-0569-910,F,Pune,Member,Male,Food and Beverages,22.56,8,9.024,189.5,2023-11-21,14:36,Cash,180.48,4.762005277,9.024,5.3
INV-0570-983,E,Hyderabad,Member,Female,Home and lifestyle,253.14,3,37.971,797.39,2023-06-21,18:17,Ewallet,759.42,4.761910734,37.971,6.6
INV-0571-395,B,Delhi,Member,Male,Electronic accessories,626.87,1,31.3435,658.21,2023-08-03,13:36,Credit card,626.87,4.761930083,31.3435,6.3
INV-0572-112,F,Pune,Member,Male,Electronic accessories,770.33,1,38.5165,808.85,2023-11-15,21:56,Credit card,770.33,4.761884157,38.5165,3.0
INV-0573-519,D,Chennai,Normal,Female,Home and lifestyle,492.17,10,246.085,5167.78,2023-09-10,12:19,Cash,4921.7,4.761909369,246.085,5.1
INV-0574-939,D,Chennai,Member,Male,Electronic accessories,711.63,5,177.9075,3736.06,2023-11-14,19:26,Ewallet,3558.15,4.761901575,177.9075,5.9
INV-0575-405,G,Kolkata,Member,Male,Electronic accessories,161.19,6,48.357,1015.5,2023-01-19,10:38,Cash,967.14,4.761890694,48.357,5.4
INV-0576-725,C,Bangalore,Member,Male,Food and Beverages,55.87,3,8.3805,175.99,2023-03-24,20:14,Credit card,167.61,4.761918291,8.3805,4.3
INV-0577-939,F,Pune,Member,Female,Sports and travel,415.8,1,20.79,436.59,2023-02-17,21:59,Credit card,415.8,4.761904762,20.79,5.4
INV-0578-639,A,Mumbai,Normal,Male,Fashion accessories,251.28,2,25.128,527.69,2023-12-22,12:59,Credit card,502.56,4.761886714,25.128,9.4
INV-0579-907,D,Chennai,Member,Male,Home and lifestyle,72.58,10,36.29,762.09,2023-11-19,17:37,Cash,725.8,4.761904762,36.29,4.5
INV-0580-462,F,Pune,Normal,Female,Home and lifestyle,514.77,5,128.6925,2702.54,2023-09-27,18:28,Ewallet,2573.85,4.761909167,128.6925,6.7
INV-0581-124,B,Delhi,Normal,Female,Health and beauty,246.23,10,123.115,2585.41,2023-04-30,20:53,Credit card,2462.3,4.761913971,123.115,6.6
INV-0582-673,D,Chennai,Member,Male,Home and lifestyle,599.43,7,209.8005,4405.81,2023-01-24,14:04,Credit card,4196.01,4.761905302,209.8005,6.8
INV-0583-885,G,Kolkata,Member,Male,Sports and travel,160.8,5,40.2,844.2,2023-05-11,09:14,Credit card,804.0,4.761904762,40.2,6.2
INV-0584-298,A,Mumbai,Member,Female,Fashion accessories,216.14,10,108.07,2269.47,2023-11-12,08:31,Cash,2161.4,4.761904762,108.07,8.6
INV-0585-443,C,Bangalore,Normal,Female,Health and beauty,243.23,3,36.4845,766.17,2023-09-04,10:49,Ewallet,729.69,4.76193273,36.4845,3.6
INV-0586-313,D,Chennai,Normal,Male,Home and lifestyle,207.63,6,62.289,1308.07,2023-10-12,17:45,Cash,1245.78,4.761901121,62.289,7.2
INV-0587-684,E,Hyderabad,Normal,Female,Food and Beverages,116.66,5,29.165,612.46,2023-01-16,14:10,Credit card,583.3,4.761943637,29.165,4.5
INV-0588-132,E,Hyderabad,Normal,Male,Home and lifestyle,105.43,5,26.3575,553.51,2023-12-28,13:43,Ewallet,527.15,4.761883254,26.3575,4.4
INV-0589-483,C,Bangalore,Normal,Male,Health and beauty,265.57,6,79.671,1673.09,2023-08-20,13:30,Cash,1593.42,4.761907608,79.671,5.6
INV-0590-294,G,Kolkata,Member,Male,Food and Beverages,58.82,1,2.941,61.76,2023-09-05,17:06,Cash,58.82,4.761981865,2.941,6.7
INV-0591-496,C,Bangalore,Normal,Female,Fashion accessories,97.35,2,9.735,204.44,2023-09-22,20:19,Cash,194.7,4.7617883,9.735,6.6
INV-0592-147,F,Pune,Member,Male,Fashion accessories,468.2,10,234.1,4916.1,2023-02-14,14:04,Credit card,4682.0,4.761904762,234.1,7.2
INV-0593-891,A,Mumbai,Normal,Male,Home and lifestyle,464.76,4,92.952,1951.99,2023-06-14,11:39,Cash,1859.04,4.761909641,92.952,6.1
INV-0594-626,D,Chennai,Member,Female,Electronic accessories,168.12,2,16.812,353.05,2023-01-08,19:20,Ewallet,336.24,4.761931738,16.812,8.6
INV-0595-727,A,Mumbai,Member,Female,Home and lifestyle,218.35,3,32.7525,687.8,2023-12-27,13:09,Ewallet,655.05,4.76192207,32.7525,6.8
INV-0596-188,C,Bangalore,Normal,Male,Electronic accessories,71.74,1,3.587,75.33,2023-02-24,14:58,Cash,71.74,4.76171512,3.587,7.1
INV-0597-440,D,Chennai,Normal,Male,Sports and travel,427.38,10,213.69,4487.49,2023-11-19,20:33,Ewallet,4273.8,4.761904762,213.69,5.2
INV-0598-566,G,Kolkata,Member,Male,Health and beauty,178.98,2,17.898,375.86,2023-12-24,16:31,Cash,357.96,4.761879423,17.898,7.3
INV-0599-781,C,Bangalore,Normal,Female,Electronic accessories,760.59,3,114.0885,2395.86,2023-11-12,12:41,Credit card,2281.77,4.761901781,114.0885,4.7
INV-0600-572,C,Bangalore,Normal,Female,Health and beauty,28.47,8,11.388,239.15,2023-02-27,14:23,Credit card,227.76,4.761864938,11.388,8.0
INV-0601-433,G,Kolkata,Member,Female,Fashion accessories,314.09,3,47.1135,989.38,2023-09-18,09:52,Credit card,942.27,4.761921607,47.1135,7.9
INV-0602-349,E,Hyderabad,Member,Female,Home and lifestyle,298.15,10,149.075,3130.57,2023-07-31,12:20,Ewallet,2981.5,4.761912367,149.075,4.4
INV-0603-906,E,Hyderabad,Member,Female,Health and beauty,38.5,4,7.7,161.7,2023-12-22,18:45,Credit card,154.0,4.761904762,7.7,7.1
INV-0604-710,C,Bangalore,Member,Male,Sports and travel,476.98,10,238.49,5008.29,2023-09-07,10:04,Ewallet,4769.8,4.761904762,238.49,5.2
INV-0605-939,D,Chennai,Normal,Male,Health and beauty,69.33,7,24.2655,509.58,2023-02-05,18:53,Cash,485.31,4.76186271,24.2655,5.7
INV-0606-873,D,Chennai,Normal,Female,Sports and travel,470.61,2,47.061,988.28,2023-04-22,10:31,Ewallet,941.22,4.76190958,47.061,4.6
INV-0607-797,F,Pune,Member,Male,Sports and travel,125.72,9,56.574,1188.05,2023-05-30,15:05,Ewallet,1131.48,4.761920795,56.574,5.9
INV-0608-726,C,Bangalore,Normal,Female,Health and beauty,220.98,6,66.294,1392.17,2023-02-15,18:36,Cash,1325.88,4.761918444,66.294,6.0
INV-0609-212,E,Hyderabad,Normal,Male,Fashion accessories,59.33,9,26.6985,560.67,2023-01-28,08:00,Ewallet,533.97,4.761892022,26.6985,2.6
INV-0610-828,G,Kolkata,Normal,Male,Electronic accessories,373.79,10,186.895,3924.8,2023-07-21,19:22,Credit card,3737.9,4.761898695,186.895,5.0
INV-0611-468,D,Chennai,Normal,Female,Health and beauty,172.63,3,25.8945,543.78,2023-09-01,10:31,Cash,517.89,4.761944169,25.8945,3.8
INV-0612-763,G,Kolkata,Normal,Male,Fashion accessories,498.8,3,74.82,1571.22,2023-03-10,08:12,Cash,1496.4,4.761904762,74.82,5.5
INV-0613-907,A,Mumbai,Member,Female,Sports and travel,319.8,3,47.97,1007.37,2023-02-13,10:29,Ewallet,959.4,4.761904762,47.97,7.8
INV-0614-331,F,Pune,Normal,Male,Health and beauty,162.64,9,73.188,1536.95,2023-08-19,15:00,Credit card,1463.76,4.761898565,73.188,3.7
INV-0615-475,B,Delhi,Normal,Male,Home and lifestyle,318.97,4,63.794,1339.67,2023-12-31,17:08,Credit card,1275.88,4.76191898,63.794,4.9
INV-0616-245,A,Mumbai,Member,Female,Sports and travel,273.79,10,136.895,2874.8,2023-09-04,20:34,Cash,2737.9,4.76189648,136.895,7.8
INV-0617-784,F,Pune,Normal,Female,Home and lifestyle,83.81,10,41.905,880.0,2023-02-15,12:27,Credit card,838.1,4.761931818,41.905,5.0
INV-0618-580,A,Mumbai,Normal,Male,Fashion accessories,281.47,1,14.0735,295.54,2023-08-29,16:15,Ewallet,281.47,4.761961156,14.0735,4.9
INV-0619-411,E,Hyderabad,Normal,Female,Fashion accessories,481.47,5,120.3675,2527.72,2023-05-29,11:02,Cash,2407.35,4.761900052,120.3675,5.8
INV-0620-398,F,Pune,Normal,Male,Sports and travel,344.38,3,51.657,1084.8,2023-10-21,08:56,Ewallet,1033.14,4.761891593,51.657,4.6
INV-0621-978,G,Kolkata,Member,Female,Health and beauty,43.1,9,19.395,407.29,2023-02-09,13:03,Credit card,387.9,4.76196322,19.395,7.6
INV-0622-478,C,Bangalore,Member,Male,Home and lifestyle,137.78,10,68.89,1446.69,2023-03-19,19:59,Credit card,1377.8,4.761904762,68.89,7.7
INV-0623-709,G,Kolkata,Member,Female,Sports and travel,184.43,3,27.6645,580.95,2023-09-28,08:36,Credit card,553.29,4.761941647,27.6645,10.0
INV-0624-752,G,Kolkata,Member,Female,Health and beauty,235.7,4,47.14,989.94,2023-12-05,16:00,Ewallet,942.8,4.761904762,47.14,6.4
INV-0625-864,B,Delhi,Member,Female,Food and Beverages,80.65,2,8.065,169.37,2023-01-27,11:03,Credit card,161.3,4.761764185,8.065,5.8
INV-0626-991,G,Kolkata,Member,Female,Sports and travel,501.29,8,200.516,4210.84,2023-05-15,10:38,Ewallet,4010.32,4.761900238,200.516,7.6
INV-0627-462,D,Chennai,Member,Female,Health and beauty,126.96,6,38.088,799.85,2023-09-29,20:25,Cash,761.76,4.761892855,38.088,8.3
INV-0628-500,G,Kolkata,Normal,Female,Fashion accessories,157.05,2,15.705,329.81,2023-05-11,19:54,Ewallet,314.1,4.76183257,15.705,7.6
INV-0629-112,D,Chennai,Member,Male,Home and lifestyle,228.95,3,34.3425,721.19,2023-06-10,17:58,Cash,686.85,4.761921269,34.3425,5.5
INV-0630-134,D,Chennai,Member,Male,Sports and travel,326.01,4,65.202,1369.24,2023-05-26,12:35,Cash,1304.04,4.761911717,65.202,4.3
INV-0631-976,A,Mumbai,Member,Male,Home and lifestyle,407.7,4,81.54,1712.34,2023-11-03,19:36,Cash,1630.8,4.761904762,81.54,6.6
INV-0632-288,E,Hyderabad,Member,Female,Sports and travel,540.6,10,270.3,5676.3,2023-04-05,10:01,Ewallet,5406.0,4.761904762,270.3,6.1
INV-0633-431,C,Bangalore,Normal,Female,Sports and travel,656.92,8,262.768,5518.13,2023-05-22,15:46,Ewallet,5255.36,4.761903036,262.768,8.6
INV-0634-364,C,Bangalore,Member,Male,Fashion accessories,395.24,7,138.334,2905.01,2023-07-18,14:03,Cash,2766.68,4.761911319,138.334,5.3
INV-0635-653,G,Kolkata,Normal,Male,Health and beauty,39.43,4,7.886,165.61,2023-11-09,15:08,Cash,157.72,4.761789747,7.886,6.1
INV-0636-174,G,Kolkata,Normal,Male,Home and lifestyle,400.27,8,160.108,3362.27,2023-05-13,09:52,Cash,3202.16,4.761901929,160.108,5.9
INV-0637-372,A,Mumbai,Normal,Female,Food and Beverages,108.62,3,16.293,342.15,2023-12-01,19:39,Cash,325.86,4.761946515,16.293,8.5
INV-0638-964,B,Delhi,Normal,Female,Home and lifestyle,42.07,8,16.828,353.39,2023-09-02,15:56,Credit card,336.56,4.761877812,16.828,5.6
INV-0639-798,F,Pune,Member,Male,Food and Beverages,52.29,8,20.916,439.24,2023-03-04,18:19,Ewallet,418.32,4.761861397,20.916,8.1
INV-0640-182,C,Bangalore,Normal,Male,Sports and travel,697.99,2,69.799,1465.78,2023-07-07,17:43,Credit card,1395.98,4.761901513,69.799,5.9
INV-0641-209,G,Kolkata,Normal,Female,Sports and travel,162.11,9,72.9495,1531.94,2023-01-21,14:59,Ewallet,1458.99,4.761903208,72.9495,7.3
INV-0642-297,F,Pune,Normal,Female,Food and Beverages,107.37,8,42.948,901.91,2023-04-08,10:32,Cash,858.96,4.761894202,42.948,8.7
INV-0643-560,A,Mumbai,Member,Female,Health and beauty,37.64,9,16.938,355.7,2023-11-26,13:36,Credit card,338.76,4.761877987,16.938,4.0
INV-0644-926,A,Mumbai,Member,Female,Food and Beverages,47.15,1,2.3575,49.51,2023-07-27,10:09,Cash,47.15,4.76166431,2.3575,6.2
INV-0645-733,F,Pune,Normal,Male,Sports and travel,416.06,2,41.606,873.73,2023-01-19,21:23,Cash,832.12,4.761882962,41.606,6.2
INV-0646-725,A,Mumbai,Member,Male,Food and Beverages,28.95,1,1.4475,30.4,2023-06-07,09:46,Credit card,28.95,4.761513158,1.4475,6.8
INV-0647-855,B,Delhi,Member,Male,Food and Beverages,64.69,10,32.345,679.25,2023-04-23,09:08,Cash,646.9,4.761869709,32.345,4.3
INV-0648-956,F,Pune,Normal,Female,Food and Beverages,117.34,10,58.67,1232.07,2023-10-07,10:30,Credit card,1173.4,4.761904762,58.67,7.7
INV-0649-478,G,Kolkata,Member,Male,Home and lifestyle,137.13,2,13.713,287.97,2023-03-03,12:59,Cash,274.26,4.76195437,13.713,6.8
INV-0650-727,E,Hyderabad,Member,Female,Electronic accessories,744.26,1,37.213,781.47,2023-03-10,09:49,Ewallet,744.26,4.761923042,37.213,5.9
INV-0651-526,D,Chennai,Member,Male,Health and beauty,42.6,1,2.13,44.73,2023-04-02,09:37,Ewallet,42.6,4.761904762,2.13,5.0
INV-0652-344,F,Pune,Normal,Male,Electronic accessories,157.32,5,39.33,825.93,2023-09-25,16:11,Credit card,786.6,4.761904762,39.33,3.9
INV-0653-296,B,Delhi,Member,Male,Sports and travel,362.42,2,36.242,761.08,2023-11-18,13:28,Credit card,724.84,4.761917275,36.242,5.1
INV-0654-383,A,Mumbai,Member,Female,Home and lifestyle,324.22,8,129.688,2723.45,2023-11-17,20:00,Cash,2593.76,4.761901265,129.688,7.7
INV-0655-760,A,Mumbai,Member,Male,Electronic accessories,563.93,8,225.572,4737.01,2023-09-12,11:12,Cash,4511.44,4.761906772,225.572,6.6
INV-0656-858,C,Bangalore,Normal,Male,Health and beauty,90.39,10,45.195,949.1,2023-08-21,08:47,Cash,903.9,4.761879675,45.195,6.1
INV-0657-529,A,Mumbai,Member,Male,Food and Beverages,63.36,2,6.336,133.06,2023-02-06,12:17,Ewallet,126.72,4.761761611,6.336,4.9
INV-0658-990,B,Delhi,Normal,Male,Food and Beverages,45.87,2,4.587,96.33,2023-05-02,21:25,Credit card,91.74,4.761756462,4.587,7.2
INV-0659-282,B,Delhi,Normal,Male,Food and Beverages,61.81,8,24.724,519.2,2023-01-28,15:56,Cash,494.48,4.761941448,24.724,6.9
INV-0660-230,D,Chennai,Normal,Male,Health and beauty,221.55,6,66.465,1395.76,2023-05-19,11:40,Credit card,1329.3,4.76192182,66.465,8.5
INV-0661-402,A,Mumbai,Member,Female,Electronic accessories,133.33,8,53.332,1119.97,2023-08-23,15:36,Cash,1066.64,4.761913266,53.332,6.9
INV-0662-600,E,Hyderabad,Member,Male,Home and lifestyle,583.28,4,116.656,2449.78,2023-02-14,15:29,Ewallet,2333.12,4.761896987,116.656,5.7
INV-0663-705,G,Kolkata,Member,Female,Health and beauty,98.17,7,34.3595,721.55,2023-05-07,12:30,Credit card,687.19,4.761901462,34.3595,5.8
INV-0664-643,B,Delhi,Member,Female,Food and Beverages,14.41,8,5.764,121.04,2023-09-16,08:36,Credit card,115.28,4.762062128,5.764,7.2
INV-0665-323,D,Chennai,Normal,Male,Health and beauty,158.68,2,15.868,333.23,2023-10-13,21:42,Cash,317.36,4.761876182,15.868,6.0
INV-0666-412,B,Delhi,Normal,Female,Electronic accessories,535.73,2,53.573,1125.03,2023-01-09,16:44,Ewallet,1071.46,4.76191746,53.573,5.1
INV-0667-575,B,Delhi,Normal,Male,Health and beauty,149.85,3,22.4775,472.03,2023-12-27,15:22,Cash,449.55,4.761879542,22.4775,6.9
INV-0668-536,F,Pune,Member,Male,Health and beauty,270.16,6,81.048,1702.01,2023-09-29,08:35,Credit card,1620.96,4.761899166,81.048,5.4
INV-0669-492,G,Kolkata,Normal,Male,Sports and travel,79.65,6,23.895,501.79,2023-01-29,17:22,Ewallet,477.9,4.761952211,23.895,6.2
INV-0670-826,C,Bangalore,Normal,Male,Fashion accessories,202.22,9,90.999,1910.98,2023-12-27,09:13,Ewallet,1819.98,4.76190227,90.999,6.9
INV-0671-819,G,Kolkata,Member,Male,Fashion accessories,142.16,2,14.216,298.54,2023-11-29,16:42,Ewallet,284.32,4.761840959,14.216,8.6
INV-0672-155,B,Delhi,Member,Female,Fashion accessories,452.03,9,203.4135,4271.68,2023-12-15,15:41,Credit card,4068.27,4.761908664,203.4135,6.1
INV-0673-399,A,Mumbai,Normal,Female,Health and beauty,156.14,9,70.263,1475.52,2023-03-04,16:33,Ewallet,1405.26,4.761914444,70.263,3.8
INV-0674-283,D,Chennai,Normal,Male,Electronic accessories,718.93,8,287.572,6039.01,2023-02-14,09:27,Credit card,5751.44,4.761906339,287.572,5.9
INV-0675-400,C,Bangalore,Member,Male,Electronic accessories,256.96,3,38.544,809.42,2023-09-12,10:44,Cash,770.88,4.761928294,38.544,4.7
INV-0676-122,D,Chennai,Member,Female,Fashion accessories,227.46,1,11.373,238.83,2023-05-30,11:26,Cash,227.46,4.761964577,11.373,6.5
INV-0677-555,G,Kolkata,Member,Female,Health and beauty,182.04,6,54.612,1146.85,2023-09-06,18:48,Ewallet,1092.24,4.761913066,54.612,5.9
INV-0678-395,D,Chennai,Normal,Male,Fashion accessories,110.72,5,27.68,581.28,2023-04-27,16:48,Credit card,553.6,4.761904762,27.68,3.8
INV-0679-279,G,Kolkata,Member,Male,Fashion accessories,163.66,3,24.549,515.53,2023-11-13,10:55,Ewallet,490.98,4.761895525,24.549,5.9
INV-0680-366,G,Kolkata,Member,Male,Electronic accessories,137.69,6,41.307,867.45,2023-10-22,10:18,Credit card,826.14,4.761888293,41.307,6.6
INV-0681-646,C,Bangalore,Member,Male,Home and lifestyle,436.0,6,130.8,2746.8,2023-06-26,10:41,Credit card,2616.0,4.761904762,130.8,2.9
INV-0682-104,C,Bangalore,Member,Male,Health and beauty,280.7,3,42.105,884.21,2023-08-23,13:49,Cash,842.1,4.761877834,42.105,8.1
INV-0683-446,F,Pune,Normal,Female,Health and beauty,270.87,10,135.435,2844.13,2023-12-08,10:40,Ewallet,2708.7,4.761913133,135.435,6.0
INV-0684-511,F,Pune,Member,Female,Food and Beverages,25.34,9,11.403,239.46,2023-03-01,13:36,Cash,228.06,4.76196442,11.403,3.4
INV-0685-885,E,Hyderabad,Member,Female,Fashion accessories,73.47,1,3.6735,77.14,2023-11-08,19:40,Cash,73.47,4.762120819,3.6735,5.9
INV-0686-624,C,Bangalore,Member,Male,Food and Beverages,69.23,8,27.692,581.53,2023-12-13,20:13,Cash,553.84,4.761921139,27.692,6.3
INV-0687-537,D,Chennai,Member,Female,Fashion accessories,313.49,9,141.0705,2962.48,2023-01-29,20:08,Credit card,2821.41,4.761905566,141.0705,4.9
INV-0688-189,C,Bangalore,Normal,Female,Food and Beverages,41.31,6,12.393,260.25,2023-06-07,16:06,Ewallet,247.86,4.761959654,12.393,7.9
INV-0689-410,B,Delhi,Normal,Female,Health and beauty,100.82,7,35.287,741.03,2023-08-01,10:32,Ewallet,705.74,4.761885484,35.287,5.8
INV-0690-379,D,Chennai,Normal,Male,Home and lifestyle,463.42,2,46.342,973.18,2023-01-04,15:27,Ewallet,926.84,4.761914548,46.342,6.0
INV-0691-942,D,Chennai,Member,Female,Sports and travel,408.34,3,61.251,1286.27,2023-04-13,11:23,Credit card,1225.02,4.761908464,61.251,6.4
INV-0692-257,G,Kolkata,Normal,Female,Health and beauty,176.6,8,70.64,1483.44,2023-04-25,08:29,Cash,1412.8,4.761904762,70.64,8.2
INV-0693-129,C,Bangalore,Normal,Female,Food and Beverages,81.92,5,20.48,430.08,2023-08-02,11:15,Credit card,409.6,4.761904762,20.48,8.3
INV-0694-546,A,Mumbai,Normal,Female,Food and Beverages,75.88,6,22.764,478.04,2023-10-25,16:44,Ewallet,455.28,4.761944607,22.764,5.3
INV-0695-695,G,Kolkata,Normal,Female,Sports and travel,577.34,6,173.202,3637.24,2023-09-20,21:20,Ewallet,3464.04,4.76190738,173.202,7.7
INV-0696-379,A,Mumbai,Member,Female,Health and beauty,265.93,3,39.8895,837.68,2023-07-02,10:58,Cash,797.79,4.76190192,39.8895,6.9
INV-0697-883,C,Bangalore,Normal,Female,Food and Beverages,41.88,9,18.846,395.77,2023-11-24,09:23,Ewallet,376.92,4.761856634,18.846,7.2
INV-0698-804,A,Mumbai,Member,Female,Fashion accessories,418.61,5,104.6525,2197.7,2023-05-19,20:28,Ewallet,2093.05,4.761910179,104.6525,8.8
INV-0699-266,C,Bangalore,Member,Female,Electronic accessories,59.67,9,26.8515,563.88,2023-05-25,14:47,Credit card,537.03,4.761917429,26.8515,3.9
INV-0700-951,A,Mumbai,Member,Male,Home and lifestyle,163.82,4,32.764,688.04,2023-10-14,19:10,Ewallet,655.28,4.761932446,32.764,8.6
INV-0701-242,E,Hyderabad,Member,Female,Health and beauty,276.49,2,27.649,580.63,2023-03-09,08:18,Credit card,552.98,4.761896561,27.649,5.5
INV-0702-977,G,Kolkata,Normal,Female,Electronic accessories,582.42,1,29.121,611.54,2023-03-02,12:02,Cash,582.42,4.761912549,29.121,8.4
INV-0703-119,F,Pune,Member,Male,Fashion accessories,88.91,3,13.3365,280.07,2023-02-10,15:44,Ewallet,266.73,4.761845253,13.3365,6.9
INV-0704-160,G,Kolkata,Normal,Female,Food and Beverages,31.6,1,1.58,33.18,2023-12-04,17:20,Ewallet,31.6,4.761904762,1.58,5.8
INV-0705-289,D,Chennai,Member,Female,Food and Beverages,17.29,1,0.8645,18.15,2023-02-19,10:15,Ewallet,17.29,4.763085399,0.8645,7.7
INV-0706-264,F,Pune,Normal,Male,Food and Beverages,26.01,5,6.5025,136.55,2023-10-24,14:19,Credit card,130.05,4.761991944,6.5025,9.6
INV-0707-872,G,Kolkata,Member,Male,Food and Beverages,100.15,1,5.0075,105.16,2023-09-28,11:57,Ewallet,100.15,4.761791556,5.0075,7.2
INV-0708-289,E,Hyderabad,Member,Male,Electronic accessories,740.36,8,296.144,6219.02,2023-07-07,20:42,Ewallet,5922.88,4.761907825,296.144,7.9
INV-0709-421,D,Chennai,Member,Male,Fashion accessories,491.21,7,171.9235,3610.39,2023-04-20,17:21,Cash,3438.47,4.761909378,171.9235,4.7
INV-0710-839,A,Mumbai,Normal,Male,Home and lifestyle,116.11,6,34.833,731.49,2023-12-27,13:14,Ewallet,696.66,4.761924292,34.833,7.9
INV-0711-554,A,Mumbai,Member,Female,Health and beauty,52.4,5,13.1,275.1,2023-08-22,18:55,Ewallet,262.0,4.761904762,13.1,5.2
INV-0712-283,B,Delhi,Normal,Female,Health and beauty,72.86,2,7.286,153.01,2023-09-01,20:21,Credit card,145.72,4.761780276,7.286,10.0
INV-0713-204,A,Mumbai,Normal,Male,Health and beauty,142.66,2,14.266,299.59,2023-03-03,10:36,Credit card,285.32,4.761841183,14.266,4.9
INV-0714-225,F,Pune,Member,Male,Fashion accessories,488.35,6,146.505,3076.61,2023-04-13,18:49,Credit card,2930.1,4.761897023,146.505,8.0
INV-0715-782,B,Delhi,Normal,Female,Fashion accessories,389.46,10,194.73,4089.33,2023-10-31,12:58,Ewallet,3894.6,4.761904762,194.73,7.8
INV-0716-601,E,Hyderabad,Normal,Female,Home and lifestyle,196.18,8,78.472,1647.91,2023-02-25,10:13,Credit card,1569.44,4.761910541,78.472,6.0
INV-0717-719,D,Chennai,Member,Male,Food and Beverages,20.96,1,1.048,22.01,2023-02-04,17:04,Ewallet,20.96,4.761472058,1.048,7.7
INV-0718-885,F,Pune,Normal,Male,Fashion accessories,322.32,2,32.232,676.87,2023-02-09,20:02,Ewallet,644.64,4.761918832,32.232,6.7
INV-0719-659,D,Chennai,Normal,Male,Fashion accessories,341.18,8,136.472,2865.91,2023-09-16,12:45,Ewallet,2729.44,4.761908085,136.472,4.9
INV-0720-136,A,Mumbai,Member,Female,Food and Beverages,52.2,6,15.66,328.86,2023-07-12,16:03,Credit card,313.2,4.761904762,15.66,9.3
INV-0721-682,A,Mumbai,Member,Female,Sports and travel,135.8,7,47.53,998.13,2023-03-10,13:41,Ewallet,950.6,4.761904762,47.53,4.8
INV-0722-369,F,Pune,Normal,Female,Health and beauty,177.43,3,26.6145,558.9,2023-09-17,09:00,Credit card,532.29,4.761943103,26.6145,8.1
INV-0723-859,D,Chennai,Normal,Female,Fashion accessories,180.63,1,9.0315,189.66,2023-10-30,08:49,Cash,180.63,4.761942423,9.0315,7.2
INV-0724-157,E,Hyderabad,Member,Female,Health and beauty,47.26,6,14.178,297.74,2023-07-02,15:29,Credit card,283.56,4.761872775,14.178,5.6
INV-0725-273,F,Pune,Member,Male,Electronic accessories,536.06,10,268.03,5628.63,2023-02-13,20:31,Cash,5360.6,4.761904762,268.03,7.3
INV-0726-373,A,Mumbai,Normal,Male,Health and beauty,204.17,7,71.4595,1500.65,2023-10-18,17:22,Credit card,1429.19,4.761903175,71.4595,6.0
INV-0727-791,A,Mumbai,Normal,Male,Fashion accessories,207.54,7,72.639,1525.42,2023-06-15,18:25,Cash,1452.78,4.76190164,72.639,6.7
INV-0728-472,B,Delhi,Normal,Female,Home and lifestyle,494.42,6,148.326,3114.85,2023-03-27,19:11,Credit card,2966.52,4.761898647,148.326,5.9
INV-0729-687,D,Chennai,Member,Female,Sports and travel,596.95,2,59.695,1253.6,2023-10-02,11:53,Credit card,1193.9,4.761885769,59.695,6.7
INV-0730-168,D,Chennai,Member,Male,Sports and travel,594.83,2,59.483,1249.14,2023-10-31,14:07,Credit card,1189.66,4.761916198,59.483,8.1
INV-0731-652,E,Hyderabad,Normal,Female,Electronic accessories,310.49,2,31.049,652.03,2023-11-30,13:29,Ewallet,620.98,4.761897459,31.049,7.0
INV-0732-284,C,Bangalore,Member,Female,Health and beauty,90.35,9,40.6575,853.81,2023-08-21,20:13,Ewallet,813.15,4.761890819,40.6575,5.3
INV-0733-544,A,Mumbai,Member,Female,Electronic accessories,545.6,8,218.24,4583.04,2023-05-18,19:36,Ewallet,4364.8,4.761904762,218.24,7.9
INV-0734-883,E,Hyderabad,Member,Male,Fashion accessories,247.37,4,49.474,1038.95,2023-03-19,21:35,Ewallet,989.48,4.761923095,49.474,4.1
INV-0735-264,C,Bangalore,Normal,Female,Fashion accessories,434.29,2,43.429,912.01,2023-11-21,11:42,Credit card,868.58,4.761899541,43.429,6.4
INV-0736-575,C,Bangalore,Member,Female,Electronic accessories,135.17,4,27.034,567.71,2023-01-15,12:28,Credit card,540.68,4.761938314,27.034,8.0
INV-0737-384,D,Chennai,Normal,Female,Sports and travel,636.32,4,127.264,2672.54,2023-03-23,12:57,Cash,2545.28,4.761911889,127.264,9.1
INV-0738-716,F,Pune,Member,Male,Sports and travel,352.94,1,17.647,370.59,2023-01-29,09:31,Credit card,352.94,4.761866213,17.647,7.3
INV-0739-612,C,Bangalore,Member,Female,Fashion accessories,345.69,2,34.569,725.95,2023-07-23,21:11,Cash,691.38,4.761898202,34.569,7.0
INV-0740-854,A,Mumbai,Normal,Female,Food and Beverages,36.19,2,3.619,76.0,2023-06-10,13:59,Ewallet,72.38,4.761842105,3.619,8.4
INV-0741-157,D,Chennai,Member,Female,Electronic accessories,158.21,3,23.7315,498.36,2023-04-20,12:59,Credit card,474.63,4.761919095,23.7315,4.3
INV-0742-903,D,Chennai,Normal,Male,Fashion accessories,286.5,8,114.6,2406.6,2023-12-16,12:29,Credit card,2292.0,4.761904762,114.6,8.1
INV-0743-918,B,Delhi,Normal,Female,Sports and travel,273.22,5,68.305,1434.4,2023-01-11,19:44,Ewallet,1366.1,4.761921361,68.305,8.9
INV-0744-987,A,Mumbai,Member,Female,Home and lifestyle,255.43,6,76.629,1609.21,2023-12-17,10:13,Ewallet,1532.58,4.761901803,76.629,7.3
INV-0745-404,B,Delhi,Normal,Female,Food and Beverages,110.08,7,38.528,809.09,2023-05-11,13:28,Cash,770.56,4.761892991,38.528,8.8
INV-0746-942,B,Delhi,Member,Female,Sports and travel,239.1,7,83.685,1757.38,2023-01-18,12:59,Cash,1673.7,4.76191831,83.685,5.8
INV-0747-460,G,Kolkata,Normal,Female,Sports and travel,303.75,6,91.125,1913.62,2023-08-05,09:49,Cash,1822.5,4.761917204,91.125,5.9
INV-0748-745,D,Chennai,Normal,Female,Sports and travel,43.46,1,2.173,45.63,2023-11-25,19:40,Cash,43.46,4.762217839,2.173,4.8
INV-0749-830,D,Chennai,Member,Male,Health and beauty,76.02,5,19.005,399.11,2023-06-10,18:28,Cash,380.1,4.761845105,19.005,7.7
INV-0750-707,G,Kolkata,Member,Female,Fashion accessories,242.2,3,36.33,762.93,2023-05-14,11:09,Ewallet,726.6,4.761904762,36.33,7.5
INV-0751-329,G,Kolkata,Normal,Female,Electronic accessories,113.3,6,33.99,713.79,2023-04-04,15:09,Credit card,679.8,4.761904762,33.99,9.4
INV-0752-150,A,Mumbai,Member,Male,Food and Beverages,117.15,4,23.43,492.03,2023-05-15,20:45,Cash,468.6,4.761904762,23.43,5.7
INV-0753-891,D,Chennai,Normal,Female,Electronic accessories,116.8,6,35.04,735.84,2023-03-29,18:19,Cash,700.8,4.761904762,35.04,8.3
INV-0754-606,D,Chennai,Normal,Male,Electronic accessories,585.17,4,117.034,2457.71,2023-05-17,13:14,Ewallet,2340.68,4.761912512,117.034,6.7
INV-0755-129,D,Chennai,Member,Female,Electronic accessories,500.06,5,125.015,2625.32,2023-12-13,11:26,Credit card,2500.3,4.761895693,125.015,7.9
INV-0756-762,C,Bangalore,Normal,Male,Home and lifestyle,292.55,4,58.51,1228.71,2023-07-09,18:36,Ewallet,1170.2,4.761904762,58.51,8.9
INV-0757-533,D,Chennai,Member,Male,Health and beauty,57.3,6,17.19,360.99,2023-12-21,15:14,Ewallet,343.8,4.761904762,17.19,7.1
INV-0758-462,F,Pune,Normal,Male,Food and Beverages,71.27,1,3.5635,74.83,2023-06-20,12:16,Credit card,71.27,4.762127489,3.5635,7.9
INV-0759-672,E,Hyderabad,Member,Male,Fashion accessories,267.13,7,93.4955,1963.41,2023-06-04,15:11,Ewallet,1869.91,4.761893848,93.4955,4.1
INV-0760-424,A,Mumbai,Member,Female,Electronic accessories,427.81,6,128.343,2695.2,2023-08-28,10:24,Cash,2566.86,4.761910062,128.343,9.7
INV-0761-389,F,Pune,Normal,Male,Fashion accessories,84.92,1,4.246,89.17,2023-03-07,17:05,Credit card,84.92,4.761691152,4.246,6.5
INV-0762-669,C,Bangalore,Normal,Female,Health and beauty,269.95,6,80.985,1700.68,2023-09-09,21:54,Cash,1619.7,4.761918762,80.985,3.1
INV-0763-546,G,Kolkata,Normal,Male,Electronic accessories,161.47,4,32.294,678.17,2023-04-04,08:39,Credit card,645.88,4.761932849,32.294,6.3
INV-0764-215,A,Mumbai,Normal,Male,Health and beauty,119.83,9,53.9235,1132.39,2023-09-06,16:19,Credit card,1078.47,4.76191948,53.9235,8.8
INV-0765-779,G,Kolkata,Member,Male,Fashion accessories,73.98,5,18.495,388.39,2023-04-03,11:03,Ewallet,369.9,4.761966065,18.495,5.6
INV-0766-886,E,Hyderabad,Member,Male,Home and lifestyle,469.43,3,70.4145,1478.7,2023-08-02,09:23,Cash,1408.29,4.761919253,70.4145,6.7
INV-0767-431,D,Chennai,Member,Female,Food and Beverages,41.27,2,4.127,86.67,2023-07-21,14:48,Ewallet,82.54,4.761739933,4.127,7.4
INV-0768-708,B,Delhi,Member,Male,Health and beauty,252.6,8,101.04,2121.84,2023-08-21,19:26,Credit card,2020.8,4.761904762,101.04,6.5
INV-0769-232,F,Pune,Member,Female,Food and Beverages,82.18,8,32.872,690.31,2023-06-16,21:19,Ewallet,657.44,4.761918558,32.872,9.0
INV-0770-194,B,Delhi,Member,Female,Fashion accessories,405.13,2,40.513,850.77,2023-10-08,18:57,Credit card,810.26,4.761921553,40.513,5.3
INV-0771-391,D,Chennai,Normal,Male,Electronic accessories,773.79,7,270.8265,5687.36,2023-02-15,08:22,Cash,5416.53,4.761901831,270.8265,7.9
INV-0772-234,F,Pune,Member,Male,Fashion accessories,260.7,7,91.245,1916.14,2023-06-08,20:28,Ewallet,1824.9,4.761917188,91.245,9.0
INV-0773-874,C,Bangalore,Member,Female,Home and lifestyle,151.93,8,60.772,1276.21,2023-07-18,16:40,Credit card,1215.44,4.761912224,60.772,5.3
INV-0774-574,D,Chennai,Normal,Male,Health and beauty,196.59,2,19.659,412.84,2023-01-21,17:20,Credit card,393.18,4.761893227,19.659,5.9
INV-0775-589,F,Pune,Member,Male,Health and beauty,167.64,9,75.438,1584.2,2023-02-12,13:17,Credit card,1508.76,4.76189875,75.438,3.8
INV-0776-682,C,Bangalore,Member,Male,Sports and travel,634.46,4,126.892,2664.73,2023-09-25,15:47,Credit card,2537.84,4.761908336,126.892,8.1
INV-0777-359,A,Mumbai,Member,Male,Home and lifestyle,100.27,7,35.0945,736.98,2023-07-31,09:43,Credit card,701.89,4.761933838,35.0945,5.8
INV-0778-146,C,Bangalore,Normal,Male,Home and lifestyle,49.11,8,19.644,412.52,2023-04-02,11:19,Credit card,392.88,4.761950936,19.644,4.9
INV-0779-992,A,Mumbai,Normal,Female,Fashion accessories,305.99,8,122.396,2570.32,2023-12-10,16:11,Ewallet,2447.92,4.761897351,122.396,7.0
INV-0780-544,G,Kolkata,Member,Male,Electronic accessories,108.67,10,54.335,1141.04,2023-05-13,20:15,Cash,1086.7,4.761883895,54.335,5.5
INV-0781-862,E,Hyderabad,Member,Male,Health and beauty,52.67,3,7.9005,165.91,2023-12-02,16:41,Credit card,158.01,4.761919113,7.9005,5.7
INV-0782-806,E,Hyderabad,Normal,Female,Home and lifestyle,495.35,10,247.675,5201.18,2023-07-04,20:34,Ewallet,4953.5,4.761900184,247.675,3.7
INV-0783-127,F,Pune,Normal,Female,Food and Beverages,23.76,1,1.188,24.95,2023-04-08,10:02,Cash,23.76,4.761523046,1.188,6.2
INV-0784-888,B,Delhi,Normal,Male,Sports and travel,188.2,9,84.69,1778.49,2023-04-08,09:34,Credit card,1693.8,4.761904762,84.69,5.6
INV-0785-120,D,Chennai,Member,Female,Health and beauty,26.11,3,3.9165,82.25,2023-03-20,21:26,Ewallet,78.33,4.761702128,3.9165,5.2
INV-0786-205,G,Kolkata,Normal,Male,Electronic accessories,271.12,7,94.892,1992.73,2023-01-27,14:04,Cash,1897.84,4.761909541,94.892,7.1
INV-0787-705,F,Pune,Normal,Female,Health and beauty,226.38,10,113.19,2376.99,2023-10-11,13:17,Cash,2263.8,4.761904762,113.19,4.8
INV-0788-666,F,Pune,Normal,Male,Sports and travel,65.98,1,3.299,69.28,2023-08-05,18:29,Credit card,65.98,4.761836028,3.299,6.6
INV-0789-394,A,Mumbai,Normal,Female,Health and beauty,52.74,10,26.37,553.77,2023-11-27,14:18,Credit card,527.4,4.761904762,26.37,6.4
INV-0790-447,F,Pune,Member,Female,Fashion accessories,235.91,9,106.1595,2229.35,2023-04-23,18:41,Ewallet,2123.19,4.761903694,106.1595,6.5
INV-0791-918,E,Hyderabad,Normal,Male,Fashion accessories,369.81,7,129.4335,2718.1,2023-08-02,20:15,Ewallet,2588.67,4.761910894,129.4335,6.2
INV-0792-277,G,Kolkata,Member,Male,Fashion accessories,354.63,2,35.463,744.72,2023-12-08,16:47,Cash,709.26,4.761923945,35.463,4.1
INV-0793-467,B,Delhi,Member,Female,Food and Beverages,97.28,8,38.912,817.15,2023-06-05,12:16,Cash,778.24,4.761916417,38.912,1.5
INV-0794-540,C,Bangalore,Normal,Male,Electronic accessories,670.96,9,301.932,6340.57,2023-01-17,09:09,Credit card,6038.64,4.761906264,301.932,4.5
INV-0795-254,A,Mumbai,Member,Male,Home and lifestyle,165.49,5,41.3725,868.82,2023-06-24,14:28,Cash,827.45,4.761918464,41.3725,7.0
INV-0796-900,G,Kolkata,Member,Male,Health and beauty,243.72,2,24.372,511.81,2023-02-24,19:06,Ewallet,487.44,4.76192337,24.372,4.9
INV-0797-880,G,Kolkata,Member,Male,Home and lifestyle,99.03,2,9.903,207.96,2023-04-16,14:35,Cash,198.06,4.761973456,9.903,6.5
INV-0798-549,E,Hyderabad,Normal,Male,Electronic accessories,535.32,6,160.596,3372.52,2023-03-12,10:14,Cash,3211.92,4.761899114,160.596,4.2
INV-0799-469,D,Chennai,Member,Male,Health and beauty,115.57,9,52.0065,1092.14,2023-03-29,09:33,Credit card,1040.13,4.761889501,52.0065,5.1
INV-0800-519,F,Pune,Member,Male,Home and lifestyle,276.16,4,55.232,1159.87,2023-03-12,15:48,Credit card,1104.64,4.761912973,55.232,8.6
INV-0801-890,D,Chennai,Normal,Male,Health and beauty,60.76,1,3.038,63.8,2023-09-22,09:16,Cash,60.76,4.761755486,3.038,5.7
INV-0802-830,B,Delhi,Normal,Male,Health and beauty,232.57,3,34.8855,732.6,2023-10-22,09:03,Ewallet,697.71,4.761875512,34.8855,7.8
INV-0803-946,G,Kolkata,Normal,Female,Health and beauty,268.02,9,120.609,2532.79,2023-06-05,21:08,Ewallet,2412.18,4.761902882,120.609,6.0
INV-0804-552,C,Bangalore,Member,Female,Health and beauty,200.29,9,90.1305,1892.74,2023-11-16,19:15,Ewallet,1802.61,4.76190602,90.1305,8.1
INV-0805-229,F,Pune,Normal,Female,Electronic accessories,710.73,2,71.073,1492.53,2023-01-19,17:47,Credit card,1421.46,4.761914333,71.073,4.7
INV-0806-263,E,Hyderabad,Normal,Male,Food and Beverages,66.28,5,16.57,347.97,2023-09-24,14:12,Ewallet,331.4,4.761904762,16.57,8.0
INV-0807-365,A,Mumbai,Member,Female,Electronic accessories,674.17,5,168.5425,3539.39,2023-08-05,17:11,Cash,3370.85,4.761908125,168.5425,6.5
INV-0808-854,F,Pune,Normal,Male,Food and Beverages,93.22,2,9.322,195.76,2023-08-18,13:25,Ewallet,186.44,4.761953412,9.322,3.6
INV-0809-339,A,Mumbai,Normal,Female,Electronic accessories,654.04,10,327.02,6867.42,2023-10-17,21:00,Ewallet,6540.4,4.761904762,327.02,5.0
INV-0810-486,C,Bangalore,Normal,Female,Sports and travel,554.73,10,277.365,5824.66,2023-12-11,10:32,Ewallet,5547.3,4.76190885,277.365,4.0
INV-0811-521,E,Hyderabad,Member,Male,Fashion accessories,272.73,4,54.546,1145.47,2023-07-04,16:16,Cash,1090.92,4.761888133,54.546,7.8
INV-0812-478,A,Mumbai,Member,Male,Health and beauty,268.78,8,107.512,2257.75,2023-04-20,16:07,Cash,2150.24,4.76190898,107.512,8.1
INV-0813-266,F,Pune,Normal,Female,Fashion accessories,304.62,7,106.617,2238.96,2023-08-14,20:32,Credit card,2132.34,4.761898381,106.617,6.3
INV-0814-317,B,Delhi,Member,Female,Sports and travel,333.96,9,150.282,3155.92,2023-09-28,10:08,Ewallet,3005.64,4.76190778,150.282,5.3
INV-0815-478,D,Chennai,Normal,Male,Sports and travel,130.87,9,58.8915,1236.72,2023-07-09,10:09,Ewallet,1177.83,4.761910538,58.8915,6.9
INV-0816-401,E,Hyderabad,Normal,Male,Home and lifestyle,125.85,6,37.755,792.86,2023-06-06,14:49,Credit card,755.1,4.761874732,37.755,5.9
INV-0817-600,D,Chennai,Member,Male,Electronic accessories,637.84,7,223.244,4688.12,2023-01-25,13:33,Credit card,4464.88,4.761908825,223.244,7.4
INV-0818-679,A,Mumbai,Member,Female,Food and Beverages,105.75,7,37.0125,777.26,2023-09-04,18:25,Credit card,740.25,4.761920078,37.0125,9.5
INV-0819-560,D,Chennai,Normal,Female,Health and beauty,253.65,10,126.825,2663.32,2023-03-09,21:52,Cash,2536.5,4.761913702,126.825,4.8
INV-0820-496,F,Pune,Normal,Male,Sports and travel,244.52,10,122.26,2567.46,2023-12-07,19:21,Credit card,2445.2,4.761904762,122.26,6.5
INV-0821-685,B,Delhi,Normal,Female,Home and lifestyle,65.66,8,26.264,551.54,2023-05-23,19:45,Cash,525.28,4.761939297,26.264,8.1
INV-0822-875,F,Pune,Normal,Male,Sports and travel,402.56,4,80.512,1690.75,2023-11-13,17:51,Ewallet,1610.24,4.761910395,80.512,4.7
INV-0823-310,A,Mumbai,Member,Female,Home and lifestyle,542.24,2,54.224,1138.7,2023-12-04,17:40,Cash,1084.48,4.761921489,54.224,8.0
INV-0824-982,B,Delhi,Normal,Male,Home and lifestyle,379.84,7,132.944,2791.82,2023-10-29,08:49,Credit card,2658.88,4.761911585,132.944,6.2
INV-0825-654,A,Mumbai,Normal,Female,Electronic accessories,361.2,9,162.54,3413.34,2023-06-12,14:57,Credit card,3250.8,4.761904762,162.54,10.0
INV-0826-794,B,Delhi,Normal,Male,Electronic accessories,241.67,2,24.167,507.51,2023-03-20,13:35,Credit card,483.34,4.761876613,24.167,8.8
INV-0827-431,B,Delhi,Member,Female,Electronic accessories,70.38,1,3.519,73.9,2023-06-02,15:05,Cash,70.38,4.761840325,3.519,6.1
INV-0828-620,C,Bangalore,Normal,Male,Food and Beverages,32.28,10,16.14,338.94,2023-10-28,12:18,Credit card,322.8,4.761904762,16.14,7.9
INV-0829-339,G,Kolkata,Normal,Male,Fashion accessories,58.5,8,23.4,491.4,2023-10-11,15:24,Cash,468.0,4.761904762,23.4,5.0
INV-0830-556,A,Mumbai,Normal,Male,Electronic accessories,622.23,3,93.3345,1960.02,2023-06-05,18:20,Credit card,1866.69,4.761915695,93.3345,6.7
INV-0831-142,A,Mumbai,Member,Male,Fashion accessories,284.01,3,42.6015,894.63,2023-05-06,17:47,Credit card,852.03,4.761912746,42.6015,8.7
INV-0832-712,A,Mumbai,Normal,Female,Sports and travel,681.16,1,34.058,715.22,2023-01-31,16:46,Credit card,681.16,4.761891446,34.058,6.0
INV-0833-407,C,Bangalore,Normal,Female,Sports and travel,168.61,9,75.8745,1593.36,2023-05-25,08:49,Cash,1517.49,4.761918211,75.8745,6.4
INV-0834-616,A,Mumbai,Normal,Male,Electronic accessories,593.81,5,148.4525,3117.5,2023-08-10,11:50,Ewallet,2969.05,4.761908581,148.4525,4.6
INV-0835-570,G,Kolkata,Normal,Female,Sports and travel,201.42,8,80.568,1691.93,2023-05-20,12:28,Ewallet,1611.36,4.761899133,80.568,7.9
INV-0836-109,E,Hyderabad,Normal,Male,Sports and travel,115.26,1,5.763,121.02,2023-11-08,16:40,Cash,115.26,4.762022806,5.763,6.4
INV-0837-179,F,Pune,Member,Female,Home and lifestyle,541.35,8,216.54,4547.34,2023-07-21,17:47,Cash,4330.8,4.761904762,216.54,7.3
INV-0838-281,E,Hyderabad,Member,Female,Sports and travel,108.31,7,37.9085,796.08,2023-11-04,14:30,Credit card,758.17,4.761895789,37.9085,4.7
INV-0839-796,G,Kolkata,Member,Male,Health and beauty,123.73,4,24.746,519.67,2023-08-16,08:10,Cash,494.92,4.761868109,24.746,6.7
INV-0840-471,F,Pune,Normal,Male,Food and Beverages,99.79,5,24.9475,523.9,2023-04-24,12:15,Credit card,498.95,4.761882039,24.9475,4.0
INV-0841-682,A,Mumbai,Normal,Female,Sports and travel,502.2,4,100.44,2109.24,2023-01-04,11:34,Ewallet,2008.8,4.761904762,100.44,4.1
INV-0842-678,E,Hyderabad,Normal,Male,Home and lifestyle,148.51,10,74.255,1559.36,2023-12-11,20:25,Ewallet,1485.1,4.761889493,74.255,8.3
INV-0843-968,B,Delhi,Member,Male,Sports and travel,68.91,5,17.2275,361.78,2023-10-19,12:08,Ewallet,344.55,4.761871856,17.2275,6.6
INV-0844-789,F,Pune,Member,Female,Sports and travel,403.08,8,161.232,3385.87,2023-01-02,15:46,Ewallet,3224.64,4.761907575,161.232,5.6
INV-0845-629,F,Pune,Member,Female,Health and beauty,256.42,7,89.747,1884.69,2023-05-21,10:12,Ewallet,1794.94,4.761897182,89.747,5.1
INV-0846-105,G,Kolkata,Member,Male,Food and Beverages,40.57,7,14.1995,298.19,2023-09-30,16:10,Credit card,283.99,4.761896777,14.1995,6.6
INV-0847-301,D,Chennai,Member,Female,Food and Beverages,106.81,1,5.3405,112.15,2023-04-26,20:33,Credit card,106.81,4.761925992,5.3405,10.0
INV-0848-927,B,Delhi,Normal,Female,Food and Beverages,78.86,2,7.886,165.61,2023-01-15,16:44,Credit card,157.72,4.761789747,7.886,5.6
INV-0849-174,A,Mumbai,Normal,Female,Electronic accessories,130.88,4,26.176,549.7,2023-06-24,08:59,Credit card,523.52,4.761870111,26.176,5.4
INV-0850-486,G,Kolkata,Normal,Male,Sports and travel,326.36,2,32.636,685.36,2023-02-13,09:06,Cash,652.72,4.76187697,32.636,6.4
INV-0851-793,C,Bangalore,Member,Male,Food and Beverages,111.1,8,44.44,933.24,2023-01-29,13:29,Ewallet,888.8,4.761904762,44.44,6.4
INV-0852-906,A,Mumbai,Member,Female,Health and beauty,132.47,10,66.235,1390.93,2023-07-30,12:14,Ewallet,1324.7,4.76192188,66.235,6.4
INV-0853-901,F,Pune,Member,Female,Health and beauty,149.98,7,52.493,1102.35,2023-11-14,19:16,Cash,1049.86,4.761917721,52.493,4.9
INV-0854-169,A,Mumbai,Normal,Female,Home and lifestyle,147.79,2,14.779,310.36,2023-01-07,18:50,Ewallet,295.58,4.761889419,14.779,9.5
INV-0855-240,E,Hyderabad,Member,Male,Sports and travel,368.51,6,110.553,2321.61,2023-08-04,16:45,Ewallet,2211.06,4.761910915,110.553,6.1
INV-0856-418,G,Kolkata,Member,Male,Electronic accessories,283.75,7,99.3125,2085.56,2023-09-20,19:51,Credit card,1986.25,4.76191047,99.3125,6.1
INV-0857-248,E,Hyderabad,Member,Male,Health and beauty,106.43,6,31.929,670.51,2023-05-30,14:42,Cash,638.58,4.76189766,31.929,4.6
INV-0858-449,A,Mumbai,Member,Male,Health and beauty,116.27,4,23.254,488.33,2023-11-24,11:39,Cash,465.08,4.761943768,23.254,6.6
INV-0859-207,B,Delhi,Normal,Female,Home and lifestyle,427.75,10,213.875,4491.38,2023-10-17,14:06,Ewallet,4277.5,4.761899461,213.875,6.1
INV-0860-738,D,Chennai,Member,Female,Electronic accessories,739.97,4,147.994,3107.87,2023-12-21,12:11,Credit card,2959.88,4.761910891,147.994,8.1
INV-0861-471,B,Delhi,Member,Female,Sports and travel,543.64,6,163.092,3424.93,2023-07-12,11:44,Credit card,3261.84,4.761907543,163.092,8.6
INV-0862-746,A,Mumbai,Member,Female,Food and Beverages,71.02,3,10.653,223.71,2023-05-29,16:01,Cash,213.06,4.76196862,10.653,10.0
INV-0863-667,E,Hyderabad,Normal,Male,Food and Beverages,31.9,5,7.975,167.47,2023-03-31,11:59,Credit card,159.5,4.762046934,7.975,6.2
INV-0864-240,B,Delhi,Member,Male,Food and Beverages,29.37,5,7.3425,154.19,2023-02-21,08:22,Ewallet,146.85,4.76198197,7.3425,5.5
INV-0865-918,D,Chennai,Member,Female,Electronic accessories,278.8,4,55.76,1170.96,2023-07-09,14:46,Ewallet,1115.2,4.761904762,55.76,7.7
INV-0866-487,E,Hyderabad,Normal,Male,Food and Beverages,25.89,3,3.8835,81.55,2023-04-08,11:29,Ewallet,77.67,4.762109135,3.8835,8.1
INV-0867-401,F,Pune,Normal,Female,Home and lifestyle,280.54,4,56.108,1178.27,2023-01-24,21:53,Ewallet,1122.16,4.761896679,56.108,4.0
INV-0868-600,G,Kolkata,Member,Female,Electronic accessories,89.94,5,22.485,472.19,2023-03-06,17:15,Ewallet,449.7,4.761854338,22.485,5.3
INV-0869-631,B,Delhi,Member,Female,Sports and travel,440.05,3,66.0075,1386.16,2023-09-18,15:03,Ewallet,1320.15,4.761896174,66.0075,6.8
INV-0870-695,D,Chennai,Member,Female,Sports and travel,277.37,8,110.948,2329.91,2023-09-11,16:37,Credit card,2218.96,4.761900674,110.948,5.3
INV-0871-685,D,Chennai,Member,Male,Electronic accessories,721.16,8,288.464,6057.74,2023-05-01,15:12,Cash,5769.28,4.761907906,288.464,5.7
INV-0872-460,B,Delhi,Normal,Female,Home and lifestyle,87.46,2,8.746,183.67,2023-06-01,16:05,Ewallet,174.92,4.761801056,8.746,9.5
INV-0873-424,B,Delhi,Member,Female,Home and lifestyle,387.83,7,135.7405,2850.55,2023-08-19,16:30,Credit card,2714.81,4.761905597,135.7405,4.5
INV-0874-184,C,Bangalore,Normal,Male,Electronic accessories,381.27,5,95.3175,2001.67,2023-11-27,09:22,Credit card,1906.35,4.761898814,95.3175,8.0
INV-0875-437,C,Bangalore,Member,Female,Electronic accessories,123.81,2,12.381,260.0,2023-07-04,08:41,Ewallet,247.62,4.761923077,12.381,7.1
INV-0876-888,C,Bangalore,Normal,Female,Electronic accessories,579.23,3,86.8845,1824.57,2023-10-06,12:45,Cash,1737.69,4.761916506,86.8845,7.4
INV-0877-252,C,Bangalore,Normal,Female,Health and beauty,284.83,10,142.415,2990.72,2023-12-02,08:12,Credit card,2848.3,4.761896801,142.415,3.9
INV-0878-701,G,Kolkata,Normal,Male,Electronic accessories,592.5,4,118.5,2488.5,2023-08-31,12:15,Ewallet,2370.0,4.761904762,118.5,2.8
INV-0879-973,G,Kolkata,Normal,Female,Fashion accessories,402.2,6,120.66,2533.86,2023-04-07,15:48,Ewallet,2413.2,4.761904762,120.66,5.1
INV-0880-611,E,Hyderabad,Member,Female,Electronic accessories,483.13,3,72.4695,1521.86,2023-06-06,21:25,Cash,1449.39,4.761903197,72.4695,7.6
INV-0881-904,G,Kolkata,Normal,Female,Electronic accessories,364.36,7,127.526,2678.05,2023-12-20,17:47,Credit card,2550.52,4.761897649,127.526,6.4
INV-0882-490,A,Mumbai,Member,Male,Fashion accessories,297.05,10,148.525,3119.03,2023-11-08,18:26,Credit card,2970.5,4.761897128,148.525,7.1
INV-0883-411,B,Delhi,Normal,Male,Home and lifestyle,256.4,8,102.56,2153.76,2023-02-25,13:59,Ewallet,2051.2,4.761904762,102.56,8.6
INV-0884-127,A,Mumbai,Member,Male,Sports and travel,398.21,1,19.9105,418.12,2023-12-19,18:59,Credit card,398.21,4.761910456,19.9105,6.3
INV-0885-630,B,Delhi,Member,Male,Health and beauty,99.47,4,19.894,417.77,2023-05-30,20:00,Ewallet,397.88,4.761950355,19.894,7.3
INV-0886-589,A,Mumbai,Member,Female,Health and beauty,129.51,2,12.951,271.97,2023-03-08,17:45,Credit card,259.02,4.761922271,12.951,7.0
INV-0887-688,F,Pune,Member,Female,Electronic accessories,147.45,4,29.49,619.29,2023-06-08,15:52,Ewallet,589.8,4.761904762,29.49,6.3
INV-0888-719,C,Bangalore,Member,Female,Fashion accessories,124.8,3,18.72,393.12,2023-08-17,09:09,Credit card,374.4,4.761904762,18.72,6.0
INV-0889-567,G,Kolkata,Member,Female,Home and lifestyle,532.37,8,212.948,4471.91,2023-08-25,18:29,Cash,4258.96,4.761902632,212.948,6.7
INV-0890-732,C,Bangalore,Normal,Female,Home and lifestyle,501.12,3,75.168,1578.53,2023-08-01,12:32,Cash,1503.36,4.761898729,75.168,5.3
INV-0891-345,F,Pune,Normal,Female,Health and beauty,275.03,3,41.2545,866.34,2023-12-24,18:21,Cash,825.09,4.761929497,41.2545,3.7
INV-0892-322,G,Kolkata,Member,Female,Sports and travel,387.97,2,38.797,814.74,2023-12-24,21:13,Ewallet,775.94,4.761887228,38.797,9.0
INV-0893-312,D,Chennai,Normal,Male,Fashion accessories,65.97,2,6.597,138.54,2023-09-16,21:57,Credit card,131.94,4.761801646,6.597,5.7
INV-0894-508,E,Hyderabad,Member,Female,Food and Beverages,18.05,8,7.22,151.62,2023-07-15,14:15,Ewallet,144.4,4.761904762,7.22,7.3
INV-0895-572,G,Kolkata,Member,Female,Food and Beverages,11.18,2,1.118,23.48,2023-12-30,10:29,Credit card,22.36,4.761499148,1.118,6.0
INV-0896-274,A,Mumbai,Member,Male,Sports and travel,666.26,3,99.939,2098.72,2023-08-30,13:04,Cash,1998.78,4.761902493,99.939,5.3
INV-0897-379,G,Kolkata,Member,Male,Electronic accessories,270.61,9,121.7745,2557.26,2023-07-20,11:03,Cash,2435.49,4.761913141,121.7745,6.7
INV-0898-552,B,Delhi,Normal,Female,Electronic accessories,212.5,1,10.625,223.12,2023-12-12,17:41,Cash,212.5,4.762011474,10.625,6.3
INV-0899-306,F,Pune,Member,Male,Health and beauty,213.3,8,85.32,1791.72,2023-01-27,18:53,Cash,1706.4,4.761904762,85.32,8.2
INV-0900-940,B,Delhi,Normal,Male,Electronic accessories,118.54,7,41.489,871.27,2023-01-15,08:15,Credit card,829.78,4.761899296,41.489,6.9
INV-0901-430,B,Delhi,Member,Male,Food and Beverages,97.66,3,14.649,307.63,2023-03-27,08:48,Credit card,292.98,4.761889283,14.649,4.1
INV-0902-208,E,Hyderabad,Member,Male,Home and lifestyle,261.24,7,91.434,1920.11,2023-03-03,12:13,Cash,1828.68,4.761914682,91.434,6.6
INV-0903-934,C,Bangalore,Normal,Male,Food and Beverages,54.24,6,16.272,341.71,2023-01-07,15:05,Cash,325.44,4.761932633,16.272,6.0
INV-0904-611,C,Bangalore,Normal,Male,Food and Beverages,107.4,7,37.59,789.39,2023-06-04,21:58,Ewallet,751.8,4.761904762,37.59,6.6
INV-0905-804,A,Mumbai,Member,Female,Food and Beverages,75.99,7,26.5965,558.53,2023-12-14,20:37,Cash,531.93,4.761874922,26.5965,5.7
INV-0906-755,C,Bangalore,Normal,Male,Fashion accessories,38.29,10,19.145,402.04,2023-08-18,14:57,Ewallet,382.9,4.761963984,19.145,8.4
INV-0907-181,F,Pune,Member,Male,Electronic accessories,65.91,2,6.591,138.41,2023-06-08,12:18,Ewallet,131.82,4.761939166,6.591,5.8
INV-0908-138,A,Mumbai,Member,Female,Health and beauty,103.05,3,15.4575,324.61,2023-07-12,11:43,Ewallet,309.15,4.761868088,15.4575,7.3
INV-0909-334,B,Delhi,Normal,Female,Electronic accessories,258.59,1,12.9295,271.52,2023-09-24,15:33,Ewallet,258.59,4.761895993,12.9295,7.5
INV-0910-812,G,Kolkata,Normal,Female,Electronic accessories,204.36,1,10.218,214.58,2023-12-07,12:31,Ewallet,204.36,4.761860378,10.218,4.2
INV-0911-297,F,Pune,Member,Female,Home and lifestyle,220.12,8,88.048,1849.01,2023-11-19,08:06,Cash,1760.96,4.761899611,88.048,7.2
INV-0912-619,A,Mumbai,Member,Male,Electronic accessories,118.82,10,59.41,1247.61,2023-10-09,11:43,Cash,1188.2,4.761904762,59.41,6.4
INV-0913-690,A,Mumbai,Normal,Female,Fashion accessories,107.15,4,21.43,450.03,2023-05-06,15:43,Cash,428.6,4.761904762,21.43,5.5
INV-0914-582,D,Chennai,Member,Female,Health and beauty,42.4,6,12.72,267.12,2023-07-23,14:52,Cash,254.4,4.761904762,12.72,6.0
INV-0915-407,D,Chennai,Normal,Female,Electronic accessories,664.7,8,265.88,5583.48,2023-01-11,21:52,Credit card,5317.6,4.761904762,265.88,5.9
INV-0916-675,E,Hyderabad,Member,Male,Fashion accessories,208.81,5,52.2025,1096.25,2023-08-21,13:09,Credit card,1044.05,4.761915621,52.2025,7.1
INV-0917-847,E,Hyderabad,Normal,Male,Fashion accessories,94.23,8,37.692,791.53,2023-04-11,10:49,Cash,753.84,4.761916794,37.692,9.5
INV-0918-415,F,Pune,Normal,Female,Health and beauty,279.19,7,97.7165,2052.05,2023-07-11,14:59,Credit card,1954.33,4.76189664,97.7165,6.6
INV-0919-361,F,Pune,Member,Female,Food and Beverages,119.17,2,11.917,250.26,2023-07-17,18:17,Cash,238.34,4.761847678,11.917,7.4
INV-0920-853,G,Kolkata,Normal,Female,Sports and travel,489.73,1,24.4865,514.22,2023-11-30,15:00,Credit card,489.73,4.76187235,24.4865,8.0
INV-0921-251,B,Delhi,Member,Female,Food and Beverages,111.36,6,33.408,701.57,2023-11-20,20:51,Ewallet,668.16,4.761891187,33.408,9.0
INV-0922-219,C,Bangalore,Normal,Male,Fashion accessories,146.28,10,73.14,1535.94,2023-12-06,10:56,Cash,1462.8,4.761904762,73.14,6.9
INV-0923-808,G,Kolkata,Member,Female,Health and beauty,217.7,2,21.77,457.17,2023-09-23,11:26,Credit card,435.4,4.761904762,21.77,7.6
INV-0924-895,C,Bangalore,Normal,Female,Sports and travel,302.84,2,30.284,635.96,2023-02-25,19:34,Ewallet,605.68,4.761934713,30.284,7.9
INV-0925-101,G,Kolkata,Normal,Male,Fashion accessories,381.9,7,133.665,2806.97,2023-12-24,13:36,Cash,2673.3,4.76189628,133.665,9.3
INV-0926-483,A,Mumbai,Member,Female,Home and lifestyle,273.43,5,68.3575,1435.51,2023-08-09,11:06,Cash,1367.15,4.761896469,68.3575,6.6
INV-0927-287,B,Delhi,Member,Male,Health and beauty,70.96,2,7.096,149.02,2023-08-19,18:19,Cash,141.92,4.761776943,7.096,7.0
INV-0928-181,G,Kolkata,Member,Female,Health and beauty,143.4,10,71.7,1505.7,2023-02-25,19:35,Cash,1434.0,4.761904762,71.7,7.3
INV-0929-203,C,Bangalore,Member,Female,Food and Beverages,40.44,6,12.132,254.77,2023-01-16,18:39,Cash,242.64,4.761942144,12.132,4.6
INV-0930-910,A,Mumbai,Member,Female,Food and Beverages,83.19,1,4.1595,87.35,2023-02-19,11:50,Ewallet,83.19,4.761877504,4.1595,7.1
INV-0931-422,A,Mumbai,Normal,Female,Health and beauty,152.5,6,45.75,960.75,2023-11-06,15:49,Credit card,915.0,4.761904762,45.75,4.3
INV-0932-925,G,Kolkata,Member,Female,Sports and travel,293.97,10,146.985,3086.68,2023-01-30,14:28,Credit card,2939.7,4.761912476,146.985,9.1
INV-0933-816,A,Mumbai,Member,Female,Sports and travel,296.22,3,44.433,933.09,2023-01-14,18:57,Cash,888.66,4.761920072,44.433,7.6
INV-0934-292,G,Kolkata,Member,Female,Health and beauty,193.14,8,77.256,1622.38,2023-09-21,15:31,Ewallet,1545.12,4.761893021,77.256,5.9
INV-0935-856,A,Mumbai,Normal,Male,Sports and travel,268.14,1,13.407,281.55,2023-06-16,20:20,Credit card,268.14,4.761854022,13.407,6.7
INV-0936-851,E,Hyderabad,Member,Female,Health and beauty,282.94,8,113.176,2376.7,2023-12-04,20:44,Cash,2263.52,4.761896748,113.176,8.5
INV-0937-189,D,Chennai,Normal,Male,Sports and travel,121.63,9,54.7335,1149.4,2023-10-20,21:02,Ewallet,1094.67,4.761919262,54.7335,8.2
INV-0938-349,C,Bangalore,Normal,Male,Health and beauty,287.41,8,114.964,2414.24,2023-12-06,17:50,Cash,2299.28,4.761912652,114.964,6.8
INV-0939-363,B,Delhi,Member,Male,Food and Beverages,57.84,1,2.892,60.73,2023-03-24,13:56,Credit card,57.84,4.762061584,2.892,6.9
INV-0940-192,F,Pune,Normal,Male,Sports and travel,116.64,9,52.488,1102.25,2023-11-21,21:12,Credit card,1049.76,4.761896122,52.488,5.4
INV-0941-853,G,Kolkata,Normal,Male,Home and lifestyle,469.15,10,234.575,4926.07,2023-02-03,19:43,Credit card,4691.5,4.761909595,234.575,4.8
INV-0942-191,F,Pune,Normal,Female,Electronic accessories,217.66,2,21.766,457.09,2023-05-29,09:35,Cash,435.32,4.76186309,21.766,8.2
INV-0943-648,C,Bangalore,Member,Male,Home and lifestyle,245.93,6,73.779,1549.36,2023-07-14,18:30,Ewallet,1475.58,4.761901688,73.779,7.3
INV-0944-704,B,Delhi,Normal,Female,Fashion accessories,392.5,3,58.875,1236.38,2023-09-24,20:04,Ewallet,1177.5,4.761885504,58.875,6.5
INV-0945-566,B,Delhi,Member,Female,Food and Beverages,69.21,8,27.684,581.36,2023-06-11,10:38,Credit card,553.68,4.761937526,27.684,7.7
INV-0946-614,B,Delhi,Normal,Male,Sports and travel,474.11,1,23.7055,497.82,2023-11-03,13:49,Credit card,474.11,4.761861717,23.7055,5.0
INV-0947-929,F,Pune,Member,Female,Sports and travel,412.43,4,82.486,1732.21,2023-09-11,13:18,Ewallet,1649.72,4.761893766,82.486,7.3
INV-0948-986,C,Bangalore,Member,Male,Sports and travel,655.74,4,131.148,2754.11,2023-12-25,21:23,Cash,2622.96,4.761901304,131.148,6.7
INV-0949-456,G,Kolkata,Member,Female,Sports and travel,289.47,3,43.4205,911.83,2023-01-12,17:58,Credit card,868.41,4.761907373,43.4205,5.6
INV-0950-817,G,Kolkata,Normal,Female,Food and Beverages,68.06,5,17.015,357.31,2023-05-25,20:40,Cash,340.3,4.761971397,17.015,8.4
INV-0951-240,G,Kolkata,Normal,Male,Electronic accessories,292.56,10,146.28,3071.88,2023-01-28,20:55,Credit card,2925.6,4.761904762,146.28,5.6
INV-0952-843,D,Chennai,Normal,Female,Electronic accessories,207.32,4,41.464,870.74,2023-11-30,08:09,Credit card,829.28,4.761926637,41.464,6.7
INV-0953-283,G,Kolkata,Member,Male,Health and beauty,286.11,7,100.1385,2102.91,2023-12-14,11:03,Cash,2002.77,4.761901365,100.1385,10.0
INV-0954-350,A,Mumbai,Member,Female,Home and lifestyle,282.94,3,42.441,891.26,2023-11-18,21:09,Credit card,848.82,4.761910105,42.441,9.1
INV-0955-914,A,Mumbai,Member,Male,Health and beauty,156.82,10,78.41,1646.61,2023-03-30,19:53,Ewallet,1568.2,4.761904762,78.41,5.2
INV-0956-219,F,Pune,Member,Female,Sports and travel,282.92,8,113.168,2376.53,2023-07-08,08:12,Cash,2263.36,4.761900754,113.168,8.4
INV-0957-380,A,Mumbai,Member,Female,Sports and travel,476.43,9,214.3935,4502.26,2023-04-26,08:25,Ewallet,4287.87,4.761908464,214.3935,5.0
INV-0958-201,F,Pune,Member,Male,Health and beauty,155.57,7,54.4495,1143.44,2023-06-02,18:24,Cash,1088.99,4.76190268,54.4495,5.9
INV-0959-165,C,Bangalore,Member,Male,Health and beauty,247.6,1,12.38,259.98,2023-07-21,18:07,Ewallet,247.6,4.761904762,12.38,7.2
INV-0960-105,E,Hyderabad,Member,Male,Sports and travel,630.88,3,94.632,1987.27,2023-11-03,20:39,Cash,1892.64,4.761909554,94.632,5.0
INV-0961-871,E,Hyderabad,Normal,Female,Food and Beverages,14.31,10,7.155,150.25,2023-04-16,19:52,Cash,143.1,4.762063228,7.155,7.5
INV-0962-100,A,Mumbai,Member,Male,Home and lifestyle,207.2,9,93.24,1958.04,2023-03-29,15:42,Ewallet,1864.8,4.761904762,93.24,7.4
INV-0963-420,B,Delhi,Normal,Male,Home and lifestyle,546.59,5,136.6475,2869.6,2023-12-04,17:43,Credit card,2732.95,4.761900613,136.6475,7.6
INV-0964-245,E,Hyderabad,Normal,Male,Sports and travel,91.83,1,4.5915,96.42,2023-05-02,08:40,Cash,91.83,4.761978843,4.5915,7.8
INV-0965-663,C,Bangalore,Member,Male,Home and lifestyle,349.16,10,174.58,3666.18,2023-07-03,13:02,Cash,3491.6,4.761904762,174.58,6.6
INV-0966-792,C,Bangalore,Normal,Female,Sports and travel,634.97,7,222.2395,4667.03,2023-08-22,09:30,Credit card,4444.79,4.761904252,222.2395,4.9
INV-0967-773,D,Chennai,Member,Male,Food and Beverages,79.25,5,19.8125,416.06,2023-11-21,20:41,Ewallet,396.25,4.761933375,19.8125,7.3
INV-0968-353,F,Pune,Member,Female,Electronic accessories,287.27,7,100.5445,2111.43,2023-07-14,08:28,Ewallet,2010.89,4.761914911,100.5445,8.2
INV-0969-441,A,Mumbai,Normal,Male,Home and lifestyle,101.59,9,45.7155,960.03,2023-07-28,09:12,Credit card,914.31,4.761882441,45.7155,5.6
INV-0970-207,G,Kolkata,Normal,Male,Electronic accessories,255.24,2,25.524,536.0,2023-07-13,12:02,Credit card,510.48,4.761940299,25.524,5.4
INV-0971-986,G,Kolkata,Member,Male,Home and lifestyle,447.86,5,111.965,2351.27,2023-10-29,16:54,Cash,2239.3,4.761894636,111.965,4.5
INV-0972-794,C,Bangalore,Normal,Male,Food and Beverages,28.78,7,10.073,211.53,2023-04-03,14:17,Ewallet,201.46,4.761972297,10.073,6.1
INV-0973-487,G,Kolkata,Normal,Female,Home and lifestyle,111.44,1,5.572,117.01,2023-12-18,17:20,Ewallet,111.44,4.761986155,5.572,6.9
INV-0974-723,E,Hyderabad,Normal,Male,Sports and travel,456.46,6,136.938,2875.7,2023-12-29,12:32,Ewallet,2738.76,4.76190145,136.938,7.1
INV-0975-835,D,Chennai,Normal,Male,Health and beauty,296.15,8,118.46,2487.66,2023-09-15,13:13,Credit card,2369.2,4.761904762,118.46,8.2
INV-0976-749,G,Kolkata,Member,Female,Sports and travel,604.1,5,151.025,3171.53,2023-07-28,13:41,Cash,3020.5,4.761897255,151.025,6.3
INV-0977-995,A,Mumbai,Member,Male,Food and Beverages,28.16,1,1.408,29.57,2023-02-13,21:32,Credit card,28.16,4.761582685,1.408,5.2
INV-0978-114,A,Mumbai,Normal,Male,Health and beauty,159.39,9,71.7255,1506.24,2023-12-24,10:16,Credit card,1434.51,4.761890535,71.7255,5.9
INV-0979-640,E,Hyderabad,Member,Male,Sports and travel,311.86,9,140.337,2947.08,2023-06-26,12:26,Ewallet,2806.74,4.761899914,140.337,5.0
INV-0980-475,F,Pune,Member,Female,Electronic accessories,555.89,9,250.1505,5253.16,2023-04-26,11:10,Cash,5003.01,4.761905215,250.1505,3.9
INV-0981-951,G,Kolkata,Member,Female,Food and Beverages,56.5,7,19.775,415.27,2023-03-29,14:47,Cash,395.5,4.761962097,19.775,5.6
INV-0982-746,E,Hyderabad,Member,Female,Fashion accessories,257.07,5,64.2675,1349.62,2023-04-20,08:02,Ewallet,1285.35,4.761895941,64.2675,8.7
INV-0983-106,E,Hyderabad,Normal,Male,Fashion accessories,466.68,9,210.006,4410.13,2023-01-19,16:25,Ewallet,4200.12,4.761900443,210.006,6.8
INV-0984-511,E,Hyderabad,Normal,Female,Fashion accessories,196.33,1,9.8165,206.15,2023-06-29,21:09,Cash,196.33,4.761823915,9.8165,6.1
INV-0985-107,C,Bangalore,Member,Male,Health and beauty,157.77,2,15.777,331.32,2023-09-28,17:21,Cash,315.54,4.761861644,15.777,4.0
INV-0986-649,B,Delhi,Normal,Male,Health and beauty,130.7,5,32.675,686.17,2023-07-06,15:47,Cash,653.5,4.761939461,32.675,8.3
INV-0987-991,G,Kolkata,Normal,Male,Health and beauty,203.76,8,81.504,1711.58,2023-03-24,10:32,Credit card,1630.08,4.761915891,81.504,6.5
INV-0988-439,F,Pune,Member,Male,Electronic accessories,263.67,3,39.5505,830.56,2023-07-22,15:39,Ewallet,791.01,4.761907629,39.5505,6.6
INV-0989-831,A,Mumbai,Member,Male,Health and beauty,288.72,5,72.18,1515.78,2023-03-02,15:39,Credit card,1443.6,4.761904762,72.18,4.2
INV-0990-911,B,Delhi,Normal,Female,Home and lifestyle,446.56,7,156.296,3282.22,2023-03-09,09:59,Cash,3125.92,4.761898959,156.296,5.7
INV-0991-108,A,Mumbai,Member,Male,Fashion accessories,265.0,4,53.0,1113.0,2023-01-27,20:20,Credit card,1060.0,4.761904762,53.0,5.0
INV-0992-846,D,Chennai,Normal,Female,Fashion accessories,258.39,7,90.4365,1899.17,2023-05-07,19:14,Cash,1808.73,4.761895986,90.4365,7.4
INV-0993-823,E,Hyderabad,Member,Male,Fashion accessories,390.36,5,97.59,2049.39,2023-12-25,12:30,Ewallet,1951.8,4.761904762,97.59,7.2
INV-0994-334,G,Kolkata,Member,Male,Electronic accessories,794.41,10,397.205,8341.31,2023-11-19,19:33,Cash,7944.1,4.761901907,397.205,5.9
INV-0995-152,A,Mumbai,Member,Female,Food and Beverages,40.12,4,8.024,168.5,2023-03-16,15:45,Cash,160.48,4.762017804,8.024,6.3
INV-0996-590,D,Chennai,Normal,Female,Sports and travel,452.48,4,90.496,1900.42,2023-04-24,14:07,Credit card,1809.92,4.761894739,90.496,6.1
INV-0997-148,A,Mumbai,Normal,Male,Fashion accessories,81.73,6,24.519,514.9,2023-05-24,14:23,Ewallet,490.38,4.761895514,24.519,5.4
INV-0998-386,B,Delhi,Member,Male,Food and Beverages,82.65,6,24.795,520.69,2023-04-19,13:11,Credit card,495.9,4.761950489,24.795,7.4
INV-0999-799,E,Hyderabad,Member,Female,Electronic accessories,239.2,8,95.68,2009.28,2023-07-06,14:05,Credit card,1913.6,4.761904762,95.68,8.5
INV-1000-480,E,Hyderabad,Member,Female,Fashion accessories,378.41,6,113.523,2383.98,2023-10-29,17:37,Ewallet,2270.46,4.761910754,113.523,8.2
INV-1001-770,B,Delhi,Normal,Male,Home and lifestyle,255.07,2,25.507,535.65,2023-03-08,19:27,Ewallet,510.14,4.761878092,25.507,6.2
INV-1002-451,G,Kolkata,Member,Male,Sports and travel,325.89,2,32.589,684.37,2023-02-08,17:57,Ewallet,651.78,4.761897804,32.589,6.5
INV-1003-998,C,Bangalore,Normal,Male,Home and lifestyle,443.63,1,22.1815,465.81,2023-03-07,11:29,Credit card,443.63,4.761920096,22.1815,5.4
INV-1004-529,G,Kolkata,Normal,Female,Health and beauty,196.36,2,19.636,412.36,2023-08-12,09:13,Credit card,392.72,4.76185857,19.636,6.1
INV-1005-294,E,Hyderabad,Member,Male,Home and lifestyle,193.52,3,29.028,609.59,2023-05-29,08:49,Ewallet,580.56,4.761889139,29.028,10.0
INV-1006-868,F,Pune,Normal,Female,Sports and travel,384.42,9,172.989,3632.77,2023-02-08,11:00,Credit card,3459.78,4.761903451,172.989,8.0
INV-1007-109,E,Hyderabad,Normal,Female,Health and beauty,190.02,4,38.004,798.08,2023-04-05,08:03,Cash,760.08,4.761928629,38.004,4.7
INV-1008-221,G,Kolkata,Normal,Female,Fashion accessories,430.66,5,107.665,2260.97,2023-12-29,12:53,Ewallet,2153.3,4.761894231,107.665,5.6
INV-1009-909,B,Delhi,Member,Male,Home and lifestyle,173.4,1,8.67,182.07,2023-11-24,10:41,Credit card,173.4,4.761904762,8.67,7.9
INV-1010-432,A,Mumbai,Member,Male,Home and lifestyle,105.06,6,31.518,661.88,2023-11-20,19:00,Credit card,630.36,4.761890373,31.518,6.3
INV-1011-324,A,Mumbai,Normal,Male,Health and beauty,271.53,5,67.8825,1425.53,2023-06-16,09:02,Ewallet,1357.65,4.761913113,67.8825,7.6
INV-1012-839,F,Pune,Normal,Male,Fashion accessories,486.65,9,218.9925,4598.84,2023-12-03,18:37,Cash,4379.85,4.761907351,218.9925,3.9
INV-1013-744,F,Pune,Normal,Female,Sports and travel,453.16,9,203.922,4282.36,2023-04-16,16:02,Cash,4078.44,4.761906986,203.922,6.0
INV-1014-195,G,Kolkata,Normal,Male,Health and beauty,84.88,7,29.708,623.87,2023-07-08,10:42,Credit card,594.16,4.761889496,29.708,7.4
INV-1015-388,D,Chennai,Member,Female,Electronic accessories,661.7,3,99.255,2084.36,2023-04-07,18:22,Credit card,1985.1,4.761893339,99.255,7.7
INV-1016-173,A,Mumbai,Normal,Male,Electronic accessories,663.12,10,331.56,6962.76,2023-04-07,09:15,Cash,6631.2,4.761904762,331.56,6.2
INV-1017-202,D,Chennai,Member,Female,Sports and travel,680.01,2,68.001,1428.02,2023-09-27,10:29,Ewallet,1360.02,4.761908097,68.001,6.8
INV-1018-374,D,Chennai,Normal,Male,Food and Beverages,100.92,1,5.046,105.97,2023-03-09,12:31,Cash,100.92,4.761725017,5.046,6.3
INV-1019-554,B,Delhi,Member,Male,Food and Beverages,69.66,6,20.898,438.86,2023-12-29,09:32,Cash,417.96,4.761883061,20.898,8.4
INV-1020-373,G,Kolkata,Member,Female,Fashion accessories,255.09,4,51.018,1071.38,2023-01-29,17:53,Ewallet,1020.36,4.761895873,51.018,8.7
INV-1021-124,F,Pune,Member,Male,Food and Beverages,21.31,5,5.3275,111.88,2023-02-22,17:18,Credit card,106.55,4.761798355,5.3275,8.9
INV-1022-803,B,Delhi,Normal,Female,Electronic accessories,314.98,5,78.745,1653.64,2023-04-26,20:27,Credit card,1574.9,4.76191916,78.745,9.1
INV-1023-469,F,Pune,Member,Female,Electronic accessories,793.08,4,158.616,3330.94,2023-02-22,13:07,Credit card,3172.32,4.761899044,158.616,8.0
INV-1024-535,A,Mumbai,Member,Male,Electronic accessories,371.47,6,111.441,2340.26,2023-11-04,11:18,Ewallet,2228.82,4.761906797,111.441,7.4
INV-1025-828,B,Delhi,Normal,Female,Fashion accessories,441.44,5,110.36,2317.56,2023-09-13,20:02,Credit card,2207.2,4.761904762,110.36,9.0
INV-1026-557,G,Kolkata,Member,Male,Electronic accessories,633.34,3,95.001,1995.02,2023-06-13,10:41,Credit card,1900.02,4.761907149,95.001,5.7
INV-1027-494,F,Pune,Normal,Male,Food and Beverages,73.56,5,18.39,386.19,2023-03-16,09:38,Credit card,367.8,4.761904762,18.39,7.4
INV-1028-241,C,Bangalore,Normal,Female,Health and beauty,154.76,7,54.166,1137.49,2023-11-05,19:35,Credit card,1083.32,4.761888017,54.166,6.5
INV-1029-185,G,Kolkata,Member,Female,Health and beauty,173.81,9,78.2145,1642.5,2023-10-01,16:58,Ewallet,1564.29,4.761917808,78.2145,5.7
INV-1030-471,E,Hyderabad,Normal,Male,Sports and travel,83.89,6,25.167,528.51,2023-01-02,11:42,Cash,503.34,4.761877732,25.167,6.3
INV-1031-664,E,Hyderabad,Normal,Male,Food and Beverages,16.55,6,4.965,104.27,2023-07-04,10:32,Credit card,99.3,4.761676417,4.965,3.7
INV-1032-246,D,Chennai,Member,Male,Electronic accessories,91.9,3,13.785,289.49,2023-03-02,20:39,Ewallet,275.7,4.761822515,13.785,7.5
INV-1033-261,D,Chennai,Member,Female,Fashion accessories,55.42,2,5.542,116.38,2023-12-06,18:35,Cash,110.84,4.761986596,5.542,4.8
INV-1034-253,A,Mumbai,Member,Female,Electronic accessories,109.24,2,10.924,229.4,2023-01-07,18:21,Credit card,218.48,4.761987794,10.924,7.1
INV-1035-900,G,Kolkata,Member,Female,Sports and travel,119.58,9,53.811,1130.03,2023-12-24,13:27,Credit card,1076.22,4.761908976,53.811,5.6
INV-1036-615,F,Pune,Member,Female,Food and Beverages,27.15,1,1.3575,28.51,2023-11-06,21:40,Cash,27.15,4.761487197,1.3575,7.5
INV-1037-826,B,Delhi,Member,Female,Health and beauty,210.37,8,84.148,1767.11,2023-10-11,20:57,Credit card,1682.96,4.761899372,84.148,8.3
INV-1038-316,B,Delhi,Normal,Male,Fashion accessories,487.37,9,219.3165,4605.65,2023-07-13,10:16,Ewallet,4386.33,4.761901143,219.3165,5.6
INV-1039-757,D,Chennai,Member,Male,Health and beauty,71.43,9,32.1435,675.01,2023-11-06,09:24,Ewallet,642.87,4.761929453,32.1435,5.5
INV-1040-206,D,Chennai,Normal,Male,Food and Beverages,98.37,7,34.4295,723.02,2023-04-10,12:54,Cash,688.59,4.761901469,34.4295,6.8
INV-1041-416,A,Mumbai,Normal,Female,Food and Beverages,36.35,3,5.4525,114.5,2023-10-05,09:56,Cash,109.05,4.762008734,5.4525,6.6
INV-1042-909,B,Delhi,Member,Male,Electronic accessories,251.88,10,125.94,2644.74,2023-10-17,08:49,Ewallet,2518.8,4.761904762,125.94,7.0
INV-1043-422,D,Chennai,Member,Male,Fashion accessories,73.81,5,18.4525,387.5,2023-01-05,14:29,Credit card,369.05,4.761935484,18.4525,8.5
INV-1044-615,G,Kolkata,Normal,Female,Electronic accessories,576.99,2,57.699,1211.68,2023-06-19,15:24,Ewallet,1153.98,4.761900832,57.699,6.0
INV-1045-180,A,Mumbai,Member,Male,Home and lifestyle,485.8,8,194.32,4080.72,2023-10-28,08:40,Credit card,3886.4,4.761904762,194.32,8.0
INV-1046-846,F,Pune,Member,Male,Electronic accessories,655.61,3,98.3415,2065.17,2023-03-24,17:07,Ewallet,1966.83,4.761908221,98.3415,8.7
INV-1047-496,E,Hyderabad,Normal,Female,Electronic accessories,304.27,6,91.281,1916.9,2023-11-16,15:50,Cash,1825.62,4.761907246,91.281,8.5
INV-1048-884,B,Delhi,Member,Male,Electronic accessories,475.18,8,190.072,3991.51,2023-02-19,08:16,Cash,3801.44,4.761907148,190.072,5.2
INV-1049-461,G,Kolkata,Normal,Male,Health and beauty,46.35,6,13.905,292.0,2023-03-28,13:22,Cash,278.1,4.761986301,13.905,8.3
INV-1050-765,A,Mumbai,Member,Male,Sports and travel,546.06,5,136.515,2866.82,2023-08-31,12:39,Credit card,2730.3,4.761896457,136.515,7.6
INV-1051-475,B,Delhi,Member,Female,Food and Beverages,49.98,5,12.495,262.39,2023-07-25,15:26,Ewallet,249.9,4.761995503,12.495,7.5
INV-1052-143,E,Hyderabad,Normal,Female,Food and Beverages,85.04,9,38.268,803.63,2023-08-19,12:47,Ewallet,765.36,4.761892911,38.268,6.1
INV-1053-974,E,Hyderabad,Member,Male,Sports and travel,579.33,1,28.9665,608.3,2023-03-21,09:55,Credit card,579.33,4.761877363,28.9665,5.4
INV-1054-647,A,Mumbai,Member,Female,Health and beauty,207.36,6,62.208,1306.37,2023-08-27,16:31,Ewallet,1244.16,4.761897472,62.208,8.2
INV-1055-424,G,Kolkata,Normal,Male,Food and Beverages,29.83,2,2.983,62.64,2023-07-23,21:59,Credit card,59.66,4.762132822,2.983,6.9
INV-1056-658,C,Bangalore,Normal,Male,Sports and travel,525.37,2,52.537,1103.28,2023-05-23,16:16,Cash,1050.74,4.761891814,52.537,7.8
INV-1057-908,B,Delhi,Normal,Male,Sports and travel,169.09,10,84.545,1775.45,2023-01-17,18:56,Credit card,1690.9,4.761891351,84.545,9.0
INV-1058-358,D,Chennai,Normal,Male,Food and Beverages,33.26,1,1.663,34.92,2023-12-17,15:41,Credit card,33.26,4.76231386,1.663,7.5
INV-1059-319,F,Pune,Member,Male,Electronic accessories,101.94,7,35.679,749.26,2023-02-11,13:25,Ewallet,713.58,4.761898406,35.679,5.3
INV-1060-268,F,Pune,Normal,Male,Food and Beverages,20.17,7,7.0595,148.25,2023-06-25,21:42,Credit card,141.19,4.761888702,7.0595,7.0
INV-1061-942,B,Delhi,Normal,Female,Health and beauty,153.14,3,22.971,482.39,2023-12-23,15:57,Credit card,459.42,4.761914633,22.971,8.2
INV-1062-943,A,Mumbai,Member,Male,Sports and travel,475.87,10,237.935,4996.64,2023-03-16,13:53,Ewallet,4758.7,4.761899997,237.935,5.8
INV-1063-369,F,Pune,Normal,Male,Electronic accessories,722.38,3,108.357,2275.5,2023-09-13,13:45,Cash,2167.14,4.761898484,108.357,7.1
INV-1064-863,E,Hyderabad,Member,Female,Electronic accessories,525.72,10,262.86,5520.06,2023-02-19,08:39,Cash,5257.2,4.761904762,262.86,4.6
INV-1065-933,B,Delhi,Normal,Male,Home and lifestyle,251.43,6,75.429,1584.01,2023-04-18,11:28,Ewallet,1508.58,4.761901756,75.429,6.3
INV-1066-566,C,Bangalore,Member,Female,Fashion accessories,265.98,2,26.598,558.56,2023-12-25,17:05,Ewallet,531.96,4.761887711,26.598,6.7
INV-1067-538,D,Chennai,Normal,Female,Fashion accessories,419.25,7,146.7375,3081.49,2023-09-25,21:55,Credit card,2934.75,4.761900899,146.7375,7.2
INV-1068-547,C,Bangalore,Member,Male,Home and lifestyle,284.09,5,71.0225,1491.47,2023-12-04,20:32,Ewallet,1420.45,4.761912744,71.0225,7.4
INV-1069-608,F,Pune,Normal,Male,Food and Beverages,98.65,2,9.865,207.17,2023-02-15,19:49,Cash,197.3,4.761789834,9.865,5.3
INV-1070-316,F,Pune,Member,Female,Home and lifestyle,365.49,1,18.2745,383.76,2023-12-08,13:16,Credit card,365.49,4.7619606,18.2745,5.8
INV-1071-820,B,Delhi,Normal,Female,Food and Beverages,31.51,8,12.604,264.68,2023-03-05,14:22,Credit card,252.08,4.761976727,12.604,4.1
INV-1072-370,G,Kolkata,Normal,Male,Fashion accessories,397.63,9,178.9335,3757.6,2023-05-26,12:52,Ewallet,3578.67,4.761909197,178.9335,7.9
INV-1073-936,C,Bangalore,Normal,Male,Food and Beverages,109.02,7,38.157,801.3,2023-01-17,08:16,Cash,763.14,4.761886934,38.157,7.3
INV-1074-297,E,Hyderabad,Normal,Female,Electronic accessories,769.37,7,269.2795,5654.87,2023-05-04,18:07,Credit card,5385.59,4.761904341,269.2795,7.7
INV-1075-201,E,Hyderabad,Normal,Male,Home and lifestyle,280.3,7,98.105,2060.2,2023-03-30,15:20,Credit card,1962.1,4.761916319,98.105,4.9
INV-1076-262,F,Pune,Member,Male,Sports and travel,414.43,7,145.0505,3046.06,2023-11-18,12:44,Ewallet,2901.01,4.761905544,145.0505,6.6
INV-1077-180,C,Bangalore,Member,Male,Food and Beverages,12.82,1,0.641,13.46,2023-11-18,18:48,Cash,12.82,4.762258544,0.641,9.1
INV-1078-291,E,Hyderabad,Normal,Male,Sports and travel,520.56,8,208.224,4372.7,2023-11-21,19:29,Credit card,4164.48,4.761909118,208.224,6.9
INV-1079-247,B,Delhi,Member,Female,Electronic accessories,451.56,4,90.312,1896.55,2023-07-13,12:44,Ewallet,1806.24,4.761909784,90.312,7.4
INV-1080-389,F,Pune,Member,Male,Food and Beverages,60.5,10,30.25,635.25,2023-03-04,09:56,Cash,605.0,4.761904762,30.25,7.0
INV-1081-175,C,Bangalore,Member,Male,Food and Beverages,64.37,6,19.311,405.53,2023-04-17,15:06,Cash,386.22,4.761916504,19.311,6.5
INV-1082-284,D,Chennai,Member,Male,Sports and travel,308.44,6,92.532,1943.17,2023-11-21,16:12,Cash,1850.64,4.761909663,92.532,6.8
INV-1083-728,C,Bangalore,Member,Male,Sports and travel,407.92,10,203.96,4283.16,2023-01-17,10:08,Credit card,4079.2,4.761904762,203.96,8.5
INV-1084-648,E,Hyderabad,Member,Male,Home and lifestyle,455.35,2,45.535,956.24,2023-04-09,19:02,Cash,910.7,4.761879863,45.535,6.7
INV-1085-229,A,Mumbai,Member,Male,Fashion accessories,83.95,4,16.79,352.59,2023-01-16,13:57,Cash,335.8,4.761904762,16.79,7.3
INV-1086-401,C,Bangalore,Normal,Female,Electronic accessories,764.92,6,229.476,4819.0,2023-12-29,18:02,Ewallet,4589.52,4.761900809,229.476,8.9
INV-1087-387,D,Chennai,Normal,Female,Home and lifestyle,569.95,4,113.99,2393.79,2023-05-09,11:08,Cash,2279.8,4.761904762,113.99,5.3
INV-1088-710,D,Chennai,Member,Female,Electronic accessories,645.57,8,258.228,5422.79,2023-08-10,16:07,Credit card,5164.56,4.761903006,258.228,3.9
INV-1089-939,F,Pune,Normal,Female,Home and lifestyle,100.23,7,35.0805,736.69,2023-08-08,11:38,Ewallet,701.61,4.761907994,35.0805,4.6
INV-1090-718,A,Mumbai,Normal,Male,Food and Beverages,115.39,5,28.8475,605.8,2023-10-28,15:27,Credit card,576.95,4.761885111,28.8475,9.1
INV-1091-480,G,Kolkata,Normal,Female,Food and Beverages,22.61,6,6.783,142.44,2023-08-08,11:23,Credit card,135.66,4.762005055,6.783,6.5
INV-1092-681,C,Bangalore,Member,Female,Food and Beverages,11.06,1,0.553,11.61,2023-06-18,11:53,Credit card,11.06,4.763135228,0.553,7.8
INV-1093-833,G,Kolkata,Normal,Male,Home and lifestyle,77.09,5,19.2725,404.72,2023-11-05,11:51,Ewallet,385.45,4.761934177,19.2725,6.9
INV-1094-150,E,Hyderabad,Member,Female,Sports and travel,535.44,6,160.632,3373.27,2023-06-13,11:36,Cash,3212.64,4.761907585,160.632,8.7
INV-1095-492,G,Kolkata,Normal,Female,Food and Beverages,118.93,7,41.6255,874.14,2023-03-03,10:15,Credit card,832.51,4.761880248,41.6255,7.1
INV-1096-234,B,Delhi,Member,Female,Food and Beverages,80.8,10,40.4,848.4,2023-01-03,16:24,Credit card,808.0,4.761904762,40.4,8.0
INV-1097-921,G,Kolkata,Normal,Male,Home and lifestyle,554.1,1,27.705,581.81,2023-06-22,19:44,Cash,554.1,4.761863839,27.705,7.1
INV-1098-605,D,Chennai,Normal,Female,Fashion accessories,384.24,7,134.484,2824.16,2023-02-10,18:07,Credit card,2689.68,4.761911506,134.484,6.8
INV-1099-205,E,Hyderabad,Member,Female,Fashion accessories,357.33,8,142.932,3001.57,2023-09-10,19:40,Cash,2858.64,4.761907935,142.932,8.8
INV-1100-331,A,Mumbai,Member,Male,Food and Beverages,25.26,6,7.578,159.14,2023-12-19,21:11,Credit card,151.56,4.761844916,7.578,3.9
INV-1101-903,B,Delhi,Member,Male,Sports and travel,634.04,6,190.212,3994.45,2023-10-03,08:05,Ewallet,3804.24,4.761907146,190.212,7.6
INV-1102-376,A,Mumbai,Member,Male,Fashion accessories,65.27,6,19.581,411.2,2023-12-19,19:09,Credit card,391.62,4.761916342,19.581,5.9
INV-1103-523,F,Pune,Member,Male,Home and lifestyle,297.99,3,44.6985,938.67,2023-06-13,10:41,Ewallet,893.97,4.761897152,44.6985,9.8
INV-1104-387,F,Pune,Normal,Male,Home and lifestyle,335.45,10,167.725,3522.22,2023-09-02,20:02,Credit card,3354.5,4.761911522,167.725,4.0
INV-1105-775,C,Bangalore,Normal,Male,Food and Beverages,39.02,5,9.755,204.85,2023-12-31,09:30,Credit card,195.1,4.762020991,9.755,3.7
INV-1106-321,F,Pune,Member,Male,Food and Beverages,116.89,1,5.8445,122.73,2023-04-19,08:14,Ewallet,116.89,4.762079361,5.8445,5.7
INV-1107-419,D,Chennai,Normal,Male,Health and beauty,49.27,4,9.854,206.93,2023-10-30,21:51,Ewallet,197.08,4.761996811,9.854,5.2
INV-1108-563,F,Pune,Normal,Male,Home and lifestyle,99.17,3,14.8755,312.39,2023-04-23,14:37,Credit card,297.51,4.761836166,14.8755,6.4
INV-1109-204,G,Kolkata,Member,Female,Electronic accessories,101.48,7,35.518,745.88,2023-03-26,20:29,Credit card,710.36,4.761891993,35.518,8.7
INV-1110-129,B,Delhi,Normal,Male,Sports and travel,99.38,1,4.969,104.35,2023-08-24,11:24,Credit card,99.38,4.761859128,4.969,5.9
INV-1111-541,D,Chennai,Normal,Female,Fashion accessories,85.61,9,38.5245,809.01,2023-02-13,14:27,Credit card,770.49,4.761931249,38.5245,6.9
INV-1112-849,E,Hyderabad,Normal,Male,Health and beauty,96.32,2,9.632,202.27,2023-01-26,19:48,Credit card,192.64,4.761951847,9.632,8.0
INV-1113-797,D,Chennai,Member,Female,Electronic accessories,352.02,10,176.01,3696.21,2023-05-22,17:38,Ewallet,3520.2,4.761904762,176.01,5.2
INV-1114-167,A,Mumbai,Member,Male,Electronic accessories,136.39,1,6.8195,143.21,2023-10-22,12:50,Cash,136.39,4.761888136,6.8195,6.9
INV-1115-808,E,Hyderabad,Member,Female,Electronic accessories,711.95,7,249.1825,5232.83,2023-07-20,15:09,Cash,4983.65,4.761907037,249.1825,7.3
INV-1116-710,C,Bangalore,Normal,Male,Electronic accessories,639.3,6,191.79,4027.59,2023-11-23,13:14,Ewallet,3835.8,4.761904762,191.79,9.2
INV-1117-274,C,Bangalore,Member,Male,Electronic accessories,427.43,10,213.715,4488.02,2023-09-02,21:27,Credit card,4274.3,4.761899457,213.715,8.2
INV-1118-585,C,Bangalore,Member,Male,Electronic accessories,299.12,8,119.648,2512.61,2023-03-14,08:13,Ewallet,2392.96,4.761900971,119.648,5.0
INV-1119-697,D,Chennai,Normal,Male,Electronic accessories,780.78,2,78.078,1639.64,2023-03-29,20:21,Cash,1561.56,4.761898953,78.078,3.2
INV-1120-955,A,Mumbai,Normal,Male,Health and beauty,50.63,1,2.5315,53.16,2023-10-18,20:22,Credit card,50.63,4.762039127,2.5315,4.3
INV-1121-779,B,Delhi,Member,Male,Food and Beverages,21.0,6,6.3,132.3,2023-08-20,16:55,Ewallet,126.0,4.761904762,6.3,5.7
INV-1122-630,D,Chennai,Normal,Female,Health and beauty,23.8,6,7.14,149.94,2023-06-04,20:55,Credit card,142.8,4.761904762,7.14,8.0
INV-1123-609,G,Kolkata,Normal,Male,Fashion accessories,352.32,1,17.616,369.94,2023-03-17,15:28,Cash,352.32,4.761853274,17.616,6.1
INV-1124-210,A,Mumbai,Member,Female,Fashion accessories,126.96,2,12.696,266.62,2023-04-10,14:52,Ewallet,253.92,4.761833321,12.696,6.1
INV-1125-416,C,Bangalore,Normal,Male,Fashion accessories,457.85,6,137.355,2884.45,2023-06-19,15:07,Ewallet,2747.1,4.761913016,137.355,2.3
INV-1126-212,B,Delhi,Member,Female,Home and lifestyle,108.86,8,43.544,914.42,2023-10-18,14:19,Credit card,870.88,4.761925592,43.544,9.2
INV-1127-395,A,Mumbai,Normal,Male,Health and beauty,210.66,9,94.797,1990.74,2023-05-29,19:21,Ewallet,1895.94,4.761897586,94.797,5.8
INV-1128-600,A,Mumbai,Normal,Male,Health and beauty,31.47,5,7.8675,165.22,2023-10-31,10:14,Cash,157.35,4.761832708,7.8675,5.4
INV-1129-979,C,Bangalore,Member,Female,Fashion accessories,340.32,1,17.016,357.34,2023-01-26,12:34,Cash,340.32,4.761851458,17.016,6.1
INV-1130-397,E,Hyderabad,Member,Male,Sports and travel,207.7,4,41.54,872.34,2023-08-10,18:39,Cash,830.8,4.761904762,41.54,7.8
INV-1131-711,B,Delhi,Member,Female,Fashion accessories,146.9,7,51.415,1079.71,2023-08-05,15:15,Cash,1028.3,4.761926814,51.415,9.4
INV-1132-356,C,Bangalore,Member,Female,Sports and travel,616.25,10,308.125,6470.62,2023-03-13,20:26,Cash,6162.5,4.761908442,308.125,4.7
INV-1133-996,B,Delhi,Normal,Male,Fashion accessories,173.35,5,43.3375,910.09,2023-10-18,19:26,Credit card,866.75,4.761891681,43.3375,5.1
INV-1134-466,G,Kolkata,Normal,Male,Electronic accessories,444.93,6,133.479,2803.06,2023-09-15,20:28,Ewallet,2669.58,4.761903063,133.479,6.1
INV-1135-190,D,Chennai,Normal,Female,Health and beauty,137.74,7,48.209,1012.39,2023-08-25,08:30,Ewallet,964.18,4.761900058,48.209,9.0
INV-1136-679,G,Kolkata,Member,Female,Electronic accessories,485.24,6,145.572,3057.01,2023-03-07,19:18,Ewallet,2911.44,4.761907877,145.572,7.2
INV-1137-156,C,Bangalore,Member,Female,Electronic accessories,352.21,1,17.6105,369.82,2023-08-25,21:53,Ewallet,352.21,4.7619112,17.6105,6.3
INV-1138-439,C,Bangalore,Member,Female,Home and lifestyle,94.54,5,23.635,496.33,2023-10-17,16:45,Ewallet,472.7,4.761952733,23.635,6.9
INV-1139-607,G,Kolkata,Member,Male,Sports and travel,419.62,9,188.829,3965.41,2023-01-28,20:46,Cash,3776.58,4.761903561,188.829,4.9
INV-1140-305,B,Delhi,Member,Male,Fashion accessories,325.27,1,16.2635,341.53,2023-09-06,19:21,Ewallet,325.27,4.761953562,16.2635,6.6
INV-1141-952,A,Mumbai,Member,Male,Electronic accessories,502.84,2,50.284,1055.96,2023-09-24,09:45,Cash,1005.68,4.7619228,50.284,7.3
INV-1142-939,E,Hyderabad,Normal,Female,Food and Beverages,111.86,5,27.965,587.26,2023-07-27,16:48,Cash,559.3,4.761945305,27.965,8.1
INV-1143-773,B,Delhi,Normal,Female,Sports and travel,441.58,7,154.553,3245.61,2023-03-16,19:34,Cash,3091.06,4.761909163,154.553,7.6
INV-1144-604,B,Delhi,Member,Male,Health and beauty,154.53,5,38.6325,811.28,2023-12-08,09:49,Ewallet,772.65,4.761919436,38.6325,9.3
INV-1145-223,C,Bangalore,Normal,Female,Health and beauty,215.34,2,21.534,452.21,2023-08-26,15:35,Credit card,430.68,4.761946883,21.534,7.2
INV-1146-242,E,Hyderabad,Normal,Male,Home and lifestyle,209.55,10,104.775,2200.28,2023-08-16,08:46,Credit card,2095.5,4.761893941,104.775,7.5
INV-1147-499,D,Chennai,Normal,Female,Food and Beverages,117.99,6,35.397,743.34,2023-09-14,17:09,Cash,707.94,4.761885544,35.397,5.1
INV-1148-979,E,Hyderabad,Member,Male,Sports and travel,127.2,10,63.6,1335.6,2023-06-23,16:21,Ewallet,1272.0,4.761904762,63.6,8.7
INV-1149-774,G,Kolkata,Member,Female,Sports and travel,229.48,7,80.318,1686.68,2023-02-04,19:44,Credit card,1606.36,4.761899115,80.318,5.6
INV-1150-949,B,Delhi,Normal,Male,Sports and travel,243.75,10,121.875,2559.38,2023-06-28,18:38,Ewallet,2437.5,4.761895459,121.875,7.7
INV-1151-587,D,Chennai,Member,Male,Food and Beverages,103.72,3,15.558,326.72,2023-04-29,09:45,Ewallet,311.16,4.761875612,15.558,9.5
INV-1152-165,C,Bangalore,Member,Male,Food and Beverages,108.98,3,16.347,343.29,2023-07-16,21:45,Credit card,326.94,4.761863148,16.347,9.0
INV-1153-278,A,Mumbai,Normal,Male,Food and Beverages,103.15,2,10.315,216.62,2023-08-15,21:53,Credit card,206.3,4.761794848,10.315,4.2
INV-1154-358,C,Bangalore,Member,Female,Health and beauty,57.3,10,28.65,601.65,2023-10-12,11:38,Cash,573.0,4.761904762,28.65,5.0
INV-1155-784,D,Chennai,Normal,Female,Electronic accessories,200.89,3,30.1335,632.8,2023-08-11,17:37,Cash,602.67,4.7619311,30.1335,6.8
INV-1156-985,A,Mumbai,Member,Male,Electronic accessories,719.97,6,215.991,4535.81,2023-07-28,18:20,Ewallet,4319.82,4.761905812,215.991,7.0
INV-1157-460,A,Mumbai,Normal,Male,Sports and travel,517.73,9,232.9785,4892.55,2023-09-12,11:27,Cash,4659.57,4.761903302,232.9785,5.0
INV-1158-230,C,Bangalore,Member,Male,Health and beauty,139.7,7,48.895,1026.8,2023-02-06,18:21,Cash,977.9,4.761881574,48.895,6.1
INV-1159-396,G,Kolkata,Normal,Male,Food and Beverages,64.86,1,3.243,68.1,2023-11-04,17:50,Credit card,64.86,4.762114537,3.243,9.3
INV-1160-689,G,Kolkata,Normal,Female,Sports and travel,266.59,3,39.9885,839.76,2023-05-28,09:21,Ewallet,799.77,4.761896256,39.9885,6.9
INV-1161-531,B,Delhi,Normal,Female,Home and lifestyle,71.72,2,7.172,150.61,2023-10-26,16:34,Credit card,143.44,4.761967997,7.172,6.3
INV-1162-999,C,Bangalore,Member,Female,Food and Beverages,25.32,9,11.394,239.27,2023-06-18,21:47,Ewallet,227.88,4.761984369,11.394,6.5
INV-1163-526,A,Mumbai,Member,Female,Food and Beverages,98.62,10,49.31,1035.51,2023-11-09,20:47,Cash,986.2,4.761904762,49.31,6.5
INV-1164-619,E,Hyderabad,Member,Female,Electronic accessories,252.88,1,12.644,265.52,2023-02-23,08:38,Credit card,252.88,4.761976499,12.644,7.3
INV-1165-647,B,Delhi,Normal,Female,Health and beauty,104.96,4,20.992,440.83,2023-01-11,09:00,Cash,419.84,4.761926366,20.992,6.9
INV-1166-540,E,Hyderabad,Normal,Male,Home and lifestyle,310.02,7,108.507,2278.65,2023-07-13,20:39,Cash,2170.14,4.761898493,108.507,3.8
INV-1167-343,F,Pune,Normal,Male,Food and Beverages,58.17,10,29.085,610.79,2023-07-08,14:24,Cash,581.7,4.76186578,29.085,4.6
INV-1168-994,B,Delhi,Member,Male,Electronic accessories,359.8,9,161.91,3400.11,2023-10-18,08:50,Cash,3238.2,4.761904762,161.91,9.6
INV-1169-350,F,Pune,Member,Male,Food and Beverages,16.23,8,6.492,136.33,2023-04-03,13:08,Cash,129.84,4.76197462,6.492,6.0
INV-1170-310,C,Bangalore,Member,Female,Health and beauty,204.12,2,20.412,428.65,2023-02-09,12:33,Ewallet,408.24,4.76192698,20.412,8.7
INV-1171-426,D,Chennai,Normal,Male,Health and beauty,219.68,6,65.904,1383.98,2023-10-10,13:19,Ewallet,1318.08,4.761918525,65.904,6.6
INV-1172-308,F,Pune,Member,Male,Fashion accessories,453.2,10,226.6,4758.6,2023-09-06,13:05,Cash,4532.0,4.761904762,226.6,10.0
INV-1173-550,B,Delhi,Member,Female,Sports and travel,398.25,2,39.825,836.33,2023-07-10,21:11,Cash,796.5,4.761876293,39.825,7.9
INV-1174-493,F,Pune,Normal,Male,Food and Beverages,64.88,1,3.244,68.12,2023-05-19,13:03,Ewallet,64.88,4.762184381,3.244,6.7
INV-1175-310,C,Bangalore,Member,Male,Fashion accessories,431.65,7,151.0775,3172.63,2023-09-11,08:20,Credit card,3021.55,4.76190101,151.0775,6.5
INV-1176-126,D,Chennai,Member,Female,Home and lifestyle,69.27,5,17.3175,363.67,2023-01-17,17:51,Credit card,346.35,4.761872027,17.3175,7.1
INV-1177-846,E,Hyderabad,Normal,Female,Home and lifestyle,161.26,1,8.063,169.32,2023-06-24,21:12,Ewallet,161.26,4.761989133,8.063,5.0
INV-1178-686,F,Pune,Member,Male,Home and lifestyle,257.34,5,64.335,1351.04,2023-10-01,16:26,Credit card,1286.7,4.761887139,64.335,7.4
INV-1179-187,F,Pune,Normal,Male,Health and beauty,150.85,4,30.17,633.57,2023-03-09,08:16,Credit card,603.4,4.761904762,30.17,7.6
INV-1180-775,B,Delhi,Normal,Female,Home and lifestyle,260.98,10,130.49,2740.29,2023-05-21,14:35,Credit card,2609.8,4.761904762,130.49,3.0
INV-1181-577,C,Bangalore,Member,Male,Fashion accessories,297.17,6,89.151,1872.17,2023-05-16,11:15,Credit card,1783.02,4.761907305,89.151,5.2
INV-1182-181,A,Mumbai,Normal,Female,Sports and travel,594.92,4,118.984,2498.66,2023-07-29,09:03,Ewallet,2379.68,4.761912385,118.984,6.9
INV-1183-992,C,Bangalore,Normal,Male,Health and beauty,70.35,5,17.5875,369.34,2023-05-13,17:00,Cash,351.75,4.761872529,17.5875,6.6
INV-1184-693,E,Hyderabad,Member,Male,Food and Beverages,82.01,3,12.3015,258.33,2023-12-17,17:13,Credit card,246.03,4.761932412,12.3015,7.7
INV-1185-653,C,Bangalore,Member,Male,Food and Beverages,114.69,5,28.6725,602.12,2023-05-12,08:17,Ewallet,573.45,4.761924533,28.6725,8.4
INV-1186-179,F,Pune,Member,Male,Fashion accessories,81.31,9,36.5895,768.38,2023-08-16,10:03,Ewallet,731.79,4.761901663,36.5895,4.4
INV-1187-434,B,Delhi,Member,Female,Home and lifestyle,247.96,7,86.786,1822.51,2023-02-06,19:41,Credit card,1735.72,4.761894311,86.786,7.4
INV-1188-131,E,Hyderabad,Normal,Female,Health and beauty,271.27,6,81.381,1709.0,2023-08-29,13:21,Ewallet,1627.62,4.761907548,81.381,5.9
INV-1189-832,B,Delhi,Normal,Male,Fashion accessories,467.25,10,233.625,4906.12,2023-01-14,09:56,Ewallet,4672.5,4.761909615,233.625,6.8
INV-1190-490,G,Kolkata,Normal,Male,Health and beauty,252.6,1,12.63,265.23,2023-12-03,21:13,Cash,252.6,4.761904762,12.63,7.8
INV-1191-967,G,Kolkata,Member,Male,Electronic accessories,474.05,10,237.025,4977.52,2023-11-19,17:58,Ewallet,4740.5,4.761909545,237.025,4.7
INV-1192-956,E,Hyderabad,Member,Female,Sports and travel,379.0,8,151.6,3183.6,2023-06-12,12:54,Cash,3032.0,4.761904762,151.6,8.0
INV-1193-346,E,Hyderabad,Normal,Male,Fashion accessories,144.24,6,43.272,908.71,2023-04-29,16:17,Credit card,865.44,4.761915242,43.272,6.5
INV-1194-595,D,Chennai,Normal,Female,Food and Beverages,48.72,9,21.924,460.4,2023-02-09,14:35,Ewallet,438.48,4.761946134,21.924,5.8
INV-1195-720,E,Hyderabad,Member,Female,Health and beauty,84.33,3,12.6495,265.64,2023-10-03,12:27,Credit card,252.99,4.761895799,12.6495,5.8
INV-1196-689,C,Bangalore,Normal,Female,Fashion accessories,85.44,7,29.904,627.98,2023-08-04,17:11,Cash,598.08,4.761935093,29.904,4.5
INV-1197-203,D,Chennai,Member,Male,Health and beauty,24.34,2,2.434,51.11,2023-08-03,12:47,Ewallet,48.68,4.762277441,2.434,6.4
INV-1198-497,B,Delhi,Member,Female,Food and Beverages,85.91,2,8.591,180.41,2023-03-09,17:22,Ewallet,171.82,4.761931157,8.591,5.2
INV-1199-444,D,Chennai,Normal,Male,Health and beauty,215.14,4,43.028,903.59,2023-12-31,13:20,Cash,860.56,4.761894222,43.028,5.0
INV-1200-560,E,Hyderabad,Member,Male,Food and Beverages,91.26,6,27.378,574.94,2023-08-18,15:26,Ewallet,547.56,4.761888197,27.378,9.2
INV-1201-707,F,Pune,Normal,Female,Health and beauty,216.03,3,32.4045,680.49,2023-10-29,17:16,Cash,648.09,4.761936252,32.4045,6.6
INV-1202-337,C,Bangalore,Normal,Female,Fashion accessories,236.14,9,106.263,2231.52,2023-10-29,13:05,Cash,2125.26,4.761911164,106.263,6.7
INV-1203-875,C,Bangalore,Normal,Female,Food and Beverages,72.05,9,32.4225,680.87,2023-10-24,17:15,Credit card,648.45,4.761922247,32.4225,6.2
INV-1204-688,B,Delhi,Member,Male,Sports and travel,620.61,4,124.122,2606.56,2023-08-09,17:27,Credit card,2482.44,4.761908416,124.122,8.2
INV-1205-395,E,Hyderabad,Normal,Male,Fashion accessories,163.85,2,16.385,344.08,2023-05-28,12:59,Credit card,327.7,4.76197396,16.385,3.6
INV-1206-872,C,Bangalore,Member,Male,Sports and travel,213.07,2,21.307,447.45,2023-04-16,18:03,Ewallet,426.14,4.761872835,21.307,8.0
INV-1207-684,B,Delhi,Member,Male,Home and lifestyle,341.23,4,68.246,1433.17,2023-01-04,16:53,Cash,1364.92,4.761891471,68.246,6.0
INV-1208-542,D,Chennai,Normal,Male,Health and beauty,102.58,2,10.258,215.42,2023-12-28,10:11,Credit card,205.16,4.761860551,10.258,7.4
INV-1209-434,D,Chennai,Normal,Male,Electronic accessories,794.81,2,79.481,1669.1,2023-07-01,09:26,Ewallet,1589.62,4.761907615,79.481,7.2
INV-1210-804,B,Delhi,Normal,Female,Health and beauty,196.57,9,88.4565,1857.59,2023-12-11,09:20,Ewallet,1769.13,4.76189579,88.4565,4.2
INV-1211-136,C,Bangalore,Member,Female,Food and Beverages,112.56,9,50.652,1063.69,2023-06-12,11:27,Ewallet,1013.04,4.761913715,50.652,5.2
INV-1212-581,F,Pune,Member,Male,Electronic accessories,489.76,4,97.952,2056.99,2023-12-11,11:33,Credit card,1959.04,4.761909392,97.952,4.2
INV-1213-867,B,Delhi,Normal,Male,Sports and travel,360.29,3,54.0435,1134.91,2023-04-12,19:33,Cash,1080.87,4.761919447,54.0435,9.3
INV-1214-139,B,Delhi,Member,Female,Food and Beverages,63.98,10,31.99,671.79,2023-04-17,20:55,Cash,639.8,4.761904762,31.99,5.9
INV-1215-960,D,Chennai,Normal,Female,Sports and travel,419.13,6,125.739,2640.52,2023-09-05,17:39,Ewallet,2514.78,4.761902959,125.739,9.5
INV-1216-592,B,Delhi,Normal,Female,Health and beauty,243.09,7,85.0815,1786.71,2023-11-03,14:30,Ewallet,1701.63,4.76190876,85.0815,5.6
INV-1217-280,C,Bangalore,Member,Male,Food and Beverages,115.92,5,28.98,608.58,2023-08-03,16:08,Credit card,579.6,4.761904762,28.98,6.8
INV-1218-521,D,Chennai,Normal,Male,Fashion accessories,357.58,3,53.637,1126.38,2023-09-05,16:54,Ewallet,1072.74,4.761892079,53.637,8.1
INV-1219-425,F,Pune,Member,Male,Fashion accessories,155.92,4,31.184,654.86,2023-07-29,09:06,Ewallet,623.68,4.761933848,31.184,7.0
INV-1220-324,D,Chennai,Normal,Female,Health and beauty,131.63,1,6.5815,138.21,2023-05-18,16:50,Ewallet,131.63,4.761956443,6.5815,5.3
INV-1221-728,C,Bangalore,Member,Female,Health and beauty,134.75,10,67.375,1414.88,2023-03-27,17:45,Cash,1347.5,4.761887934,67.375,6.9
INV-1222-441,E,Hyderabad,Normal,Male,Home and lifestyle,342.27,1,17.1135,359.38,2023-07-14,09:38,Ewallet,342.27,4.761951138,17.1135,5.8
INV-1223-397,C,Bangalore,Member,Male,Home and lifestyle,157.86,9,71.037,1491.78,2023-04-12,10:51,Ewallet,1420.74,4.761895186,71.037,4.9
INV-1224-965,G,Kolkata,Member,Female,Fashion accessories,224.3,9,100.935,2119.64,2023-05-08,08:14,Cash,2018.7,4.761893529,100.935,8.3
INV-1225-134,A,Mumbai,Member,Female,Health and beauty,31.84,5,7.96,167.16,2023-06-04,08:26,Cash,159.2,4.761904762,7.96,5.2
INV-1226-616,C,Bangalore,Member,Female,Sports and travel,295.51,5,73.8775,1551.43,2023-02-13,09:23,Cash,1477.55,4.761897088,73.8775,5.1
INV-1227-298,F,Pune,Normal,Male,Food and Beverages,91.69,9,41.2605,866.47,2023-11-06,10:45,Cash,825.21,4.76190751,41.2605,6.3
INV-1228-307,G,Kolkata,Normal,Female,Health and beauty,163.46,1,8.173,171.63,2023-06-04,12:59,Credit card,163.46,4.761987997,8.173,3.8
INV-1229-819,A,Mumbai,Normal,Female,Health and beauty,101.55,2,10.155,213.25,2023-04-24,15:23,Ewallet,203.1,4.762016413,10.155,6.3
INV-1230-831,E,Hyderabad,Member,Female,Food and Beverages,119.25,7,41.7375,876.49,2023-07-10,21:53,Ewallet,834.75,4.76189118,41.7375,8.0
INV-1231-418,A,Mumbai,Normal,Male,Home and lifestyle,586.11,7,205.1385,4307.91,2023-04-29,16:08,Credit card,4102.77,4.761903104,205.1385,5.8
INV-1232-185,C,Bangalore,Member,Male,Food and Beverages,71.7,4,14.34,301.14,2023-09-08,18:48,Cash,286.8,4.761904762,14.34,6.9
INV-1233-445,B,Delhi,Normal,Female,Home and lifestyle,444.9,10,222.45,4671.45,2023-04-30,09:04,Credit card,4449.0,4.761904762,222.45,6.5
INV-1234-806,G,Kolkata,Member,Male,Fashion accessories,353.83,10,176.915,3715.22,2023-07-28,08:06,Credit card,3538.3,4.761898353,176.915,8.1
INV-1235-857,B,Delhi,Normal,Female,Fashion accessories,480.95,4,96.19,2019.99,2023-06-14,16:23,Ewallet,1923.8,4.761904762,96.19,4.6
INV-1236-265,F,Pune,Member,Male,Health and beauty,215.79,7,75.5265,1586.06,2023-03-07,21:46,Cash,1510.53,4.761894254,75.5265,7.0
INV-1237-598,E,Hyderabad,Member,Male,Electronic accessories,378.2,2,37.82,794.22,2023-01-20,15:43,Credit card,756.4,4.761904762,37.82,8.1
INV-1238-377,B,Delhi,Normal,Female,Food and Beverages,42.64,7,14.924,313.4,2023-05-31,21:06,Ewallet,298.48,4.761965539,14.924,8.9
INV-1239-831,E,Hyderabad,Normal,Female,Home and lifestyle,404.12,3,60.618,1272.98,2023-05-29,17:31,Ewallet,1212.36,4.76189728,60.618,7.1
INV-1240-832,C,Bangalore,Normal,Female,Health and beauty,78.97,6,23.691,497.51,2023-03-11,10:59,Ewallet,473.82,4.761914333,23.691,8.5
INV-1241-810,G,Kolkata,Normal,Male,Fashion accessories,225.66,3,33.849,710.83,2023-08-29,09:13,Cash,676.98,4.761898063,33.849,6.1
INV-1242-458,A,Mumbai,Normal,Female,Food and Beverages,16.72,8,6.688,140.45,2023-11-01,10:50,Cash,133.76,4.761836953,6.688,7.4
INV-1243-739,F,Pune,Member,Female,Sports and travel,34.54,4,6.908,145.07,2023-05-21,13:10,Credit card,138.16,4.761839112,6.908,5.7
INV-1244-205,G,Kolkata,Normal,Female,Home and lifestyle,342.97,4,68.594,1440.47,2023-02-09,18:47,Cash,1371.88,4.761917985,68.594,5.9
INV-1245-689,F,Pune,Member,Female,Electronic accessories,247.2,2,24.72,519.12,2023-03-06,17:30,Ewallet,494.4,4.761904762,24.72,5.9
INV-1246-250,G,Kolkata,Normal,Female,Electronic accessories,176.07,4,35.214,739.49,2023-04-21,09:39,Ewallet,704.28,4.76193052,35.214,5.3
INV-1247-409,B,Delhi,Member,Female,Food and Beverages,45.57,1,2.2785,47.85,2023-03-12,17:18,Credit card,45.57,4.761755486,2.2785,5.3
INV-1248-419,E,Hyderabad,Member,Male,Home and lifestyle,260.22,7,91.077,1912.62,2023-12-28,16:38,Credit card,1821.54,4.761897293,91.077,7.6
INV-1249-552,G,Kolkata,Normal,Male,Home and lifestyle,511.63,3,76.7445,1611.63,2023-11-21,13:03,Ewallet,1534.89,4.761918058,76.7445,7.5
INV-1250-975,D,Chennai,Normal,Male,Home and lifestyle,543.87,6,163.161,3426.38,2023-04-02,08:27,Credit card,3263.22,4.761906152,163.161,7.8
INV-1251-300,D,Chennai,Normal,Female,Electronic accessories,512.73,4,102.546,2153.47,2023-07-15,14:48,Cash,2050.92,4.761895917,102.546,10.0
INV-1252-614,D,Chennai,Normal,Male,Food and Beverages,74.48,6,22.344,469.22,2023-02-18,14:42,Credit card,446.88,4.761945356,22.344,4.5
INV-1253-158,A,Mumbai,Normal,Male,Sports and travel,210.59,8,84.236,1768.96,2023-07-23,08:47,Ewallet,1684.72,4.761893994,84.236,6.2
INV-1254-995,E,Hyderabad,Member,Female,Home and lifestyle,394.05,8,157.62,3310.02,2023-03-30,16:37,Ewallet,3152.4,4.761904762,157.62,5.6
INV-1255-529,F,Pune,Member,Male,Fashion accessories,43.55,3,6.5325,137.18,2023-12-28,21:24,Cash,130.65,4.761991544,6.5325,7.3
INV-1256-384,G,Kolkata,Member,Male,Health and beauty,198.49,1,9.9245,208.41,2023-06-10,09:46,Ewallet,198.49,4.762007581,9.9245,6.2
INV-1257-114,G,Kolkata,Member,Male,Fashion accessories,423.52,6,127.056,2668.18,2023-12-30,11:04,Ewallet,2541.12,4.761897623,127.056,6.6
INV-1258-251,F,Pune,Normal,Female,Sports and travel,477.01,2,47.701,1001.72,2023-04-09,21:51,Ewallet,954.02,4.761909516,47.701,5.1
INV-1259-864,F,Pune,Normal,Male,Electronic accessories,382.55,5,95.6375,2008.39,2023-11-08,11:37,Ewallet,1912.75,4.761898834,95.6375,5.6
INV-1260-956,G,Kolkata,Member,Female,Fashion accessories,293.46,2,29.346,616.27,2023-06-24,16:29,Ewallet,586.92,4.761873854,29.346,6.8
INV-1261-120,F,Pune,Member,Female,Food and Beverages,22.79,2,2.279,47.86,2023-04-04,21:16,Cash,45.58,4.761805265,2.279,7.6
INV-1262-415,G,Kolkata,Member,Male,Electronic accessories,528.46,8,211.384,4439.06,2023-02-11,21:11,Cash,4227.68,4.761909053,211.384,8.6
INV-1263-955,G,Kolkata,Member,Male,Fashion accessories,55.07,5,13.7675,289.12,2023-04-02,13:04,Cash,275.35,4.761863586,13.7675,5.4
INV-1264-194,B,Delhi,Normal,Male,Electronic accessories,784.46,5,196.115,4118.41,2023-12-24,16:00,Credit card,3922.3,4.761910543,196.115,5.9
INV-1265-954,D,Chennai,Normal,Female,Fashion accessories,393.01,9,176.8545,3713.94,2023-08-19,19:29,Ewallet,3537.09,4.761910532,176.8545,6.7
INV-1266-915,E,Hyderabad,Normal,Male,Home and lifestyle,358.48,7,125.468,2634.83,2023-06-27,19:45,Ewallet,2509.36,4.761901147,125.468,6.1
INV-1267-578,C,Bangalore,Member,Female,Sports and travel,678.73,9,305.4285,6414.0,2023-05-18,09:39,Ewallet,6108.57,4.761903648,305.4285,7.0
INV-1268-700,C,Bangalore,Member,Male,Home and lifestyle,408.67,3,61.3005,1287.31,2023-09-01,10:32,Credit card,1226.01,4.761906611,61.3005,5.7
INV-1269-108,C,Bangalore,Normal,Female,Sports and travel,422.16,1,21.108,443.27,2023-06-15,20:45,Cash,422.16,4.761883277,21.108,4.4
INV-1270-266,B,Delhi,Normal,Female,Fashion accessories,188.24,2,18.824,395.3,2023-04-06,14:31,Credit card,376.48,4.761952947,18.824,4.3
INV-1271-954,D,Chennai,Member,Male,Health and beauty,246.58,8,98.632,2071.27,2023-10-31,18:29,Ewallet,1972.64,4.76190936,98.632,5.4
INV-1272-881,B,Delhi,Normal,Female,Home and lifestyle,229.21,7,80.2235,1684.69,2023-06-03,08:43,Cash,1604.47,4.761914655,80.2235,7.1
INV-1273-407,E,Hyderabad,Member,Female,Health and beauty,236.74,10,118.37,2485.77,2023-07-25,18:47,Cash,2367.4,4.761904762,118.37,7.3
INV-1274-920,E,Hyderabad,Member,Male,Electronic accessories,547.55,1,27.3775,574.93,2023-02-16,13:37,Cash,547.55,4.761884055,27.3775,7.6
INV-1275-978,C,Bangalore,Normal,Female,Electronic accessories,395.44,3,59.316,1245.64,2023-04-13,11:07,Credit card,1186.32,4.76188947,59.316,6.2
INV-1276-263,B,Delhi,Normal,Male,Sports and travel,190.19,9,85.5855,1797.3,2023-07-11,08:05,Credit card,1711.71,4.761892839,85.5855,7.4
INV-1277-881,C,Bangalore,Member,Female,Home and lifestyle,424.6,4,84.92,1783.32,2023-08-30,20:10,Credit card,1698.4,4.761904762,84.92,7.9
INV-1278-939,A,Mumbai,Normal,Male,Fashion accessories,388.63,3,58.2945,1224.18,2023-07-24,13:57,Credit card,1165.89,4.761922266,58.2945,4.5
INV-1279-282,F,Pune,Normal,Female,Home and lifestyle,80.13,8,32.052,673.09,2023-12-09,21:28,Ewallet,641.04,4.761918911,32.052,9.6
INV-1280-179,G,Kolkata,Member,Female,Fashion accessories,189.73,1,9.4865,199.22,2023-11-09,18:54,Credit card,189.73,4.761821102,9.4865,7.3
INV-1281-535,F,Pune,Member,Male,Health and beauty,72.63,4,14.526,305.05,2023-06-04,15:55,Cash,290.52,4.761842321,14.526,5.6
INV-1282-283,B,Delhi,Normal,Female,Health and beauty,209.08,8,83.632,1756.27,2023-01-18,12:45,Credit card,1672.64,4.761910185,83.632,8.3
INV-1283-926,B,Delhi,Normal,Male,Health and beauty,245.74,6,73.722,1548.16,2023-12-18,21:20,Cash,1474.44,4.761910914,73.722,5.6
INV-1284-597,A,Mumbai,Member,Female,Electronic accessories,481.01,7,168.3535,3535.42,2023-12-18,16:16,Cash,3367.07,4.761909476,168.3535,5.5
INV-1285-614,F,Pune,Normal,Female,Food and Beverages,43.32,5,10.83,227.43,2023-11-21,10:06,Ewallet,216.6,4.761904762,10.83,7.7
INV-1286-877,C,Bangalore,Normal,Female,Home and lifestyle,584.19,2,58.419,1226.8,2023-04-02,15:43,Ewallet,1168.38,4.76190088,58.419,3.4
INV-1287-565,D,Chennai,Member,Male,Food and Beverages,47.08,10,23.54,494.34,2023-05-13,11:35,Ewallet,470.8,4.761904762,23.54,7.7
INV-1288-713,D,Chennai,Member,Female,Fashion accessories,48.73,8,19.492,409.33,2023-08-24,14:40,Cash,389.84,4.761928029,19.492,4.6
INV-1289-117,F,Pune,Normal,Female,Health and beauty,114.49,5,28.6225,601.07,2023-01-13,17:52,Credit card,572.45,4.761924568,28.6225,7.1
INV-1290-644,D,Chennai,Normal,Female,Sports and travel,49.04,2,4.904,102.98,2023-07-02,21:19,Cash,98.08,4.762089726,4.904,7.8
INV-1291-381,F,Pune,Normal,Male,Electronic accessories,113.04,2,11.304,237.38,2023-03-06,21:13,Cash,226.08,4.761985003,11.304,5.4
INV-1292-434,C,Bangalore,Normal,Male,Sports and travel,578.83,10,289.415,6077.72,2023-08-23,08:44,Cash,5788.3,4.761900844,289.415,5.3
INV-1293-867,C,Bangalore,Member,Male,Home and lifestyle,587.03,2,58.703,1232.76,2023-07-15,17:19,Ewallet,1174.06,4.76191635,58.703,9.8
INV-1294-956,C,Bangalore,Normal,Female,Food and Beverages,30.23,5,7.5575,158.71,2023-12-01,21:31,Cash,151.15,4.761829752,7.5575,8.1
INV-1295-918,D,Chennai,Member,Male,Home and lifestyle,186.15,5,46.5375,977.29,2023-11-12,17:21,Ewallet,930.75,4.761892581,46.5375,7.5
INV-1296-896,A,Mumbai,Normal,Female,Electronic accessories,620.54,7,217.189,4560.97,2023-05-21,21:35,Ewallet,4343.78,4.761903718,217.189,5.6
INV-1297-900,B,Delhi,Normal,Male,Home and lifestyle,263.26,3,39.489,829.27,2023-12-14,13:11,Credit card,789.78,4.76189902,39.489,7.5
INV-1298-118,D,Chennai,Member,Female,Fashion accessories,247.35,6,74.205,1558.3,2023-02-19,12:01,Cash,1484.1,4.761920041,74.205,6.8
INV-1299-498,F,Pune,Normal,Male,Food and Beverages,77.25,10,38.625,811.12,2023-08-24,18:42,Credit card,772.5,4.761934116,38.625,5.6
INV-1300-610,D,Chennai,Member,Female,Fashion accessories,180.23,8,72.092,1513.93,2023-03-19,16:24,Ewallet,1441.84,4.761911053,72.092,5.8
INV-1301-312,B,Delhi,Member,Female,Fashion accessories,219.38,10,109.69,2303.49,2023-02-10,19:29,Credit card,2193.8,4.761904762,109.69,5.5
INV-1302-259,F,Pune,Normal,Female,Fashion accessories,382.9,8,153.16,3216.36,2023-12-12,16:30,Cash,3063.2,4.761904762,153.16,6.0
INV-1303-650,E,Hyderabad,Member,Female,Home and lifestyle,281.66,1,14.083,295.74,2023-05-26,18:07,Ewallet,281.66,4.761953067,14.083,5.7
INV-1304-282,B,Delhi,Normal,Male,Food and Beverages,53.53,4,10.706,224.83,2023-02-26,18:23,Credit card,214.12,4.761820042,10.706,6.6
INV-1305-208,G,Kolkata,Member,Female,Home and lifestyle,268.77,4,53.754,1128.83,2023-08-03,18:54,Credit card,1075.08,4.761921636,53.754,6.2
INV-1306-260,F,Pune,Normal,Female,Electronic accessories,694.29,8,277.716,5832.04,2023-08-26,13:12,Credit card,5554.32,4.761901496,277.716,7.8
INV-1307-694,G,Kolkata,Member,Female,Fashion accessories,31.57,6,9.471,198.89,2023-08-26,19:56,Cash,189.42,4.761928704,9.471,6.5
INV-1308-724,F,Pune,Normal,Female,Health and beauty,72.88,1,3.644,76.52,2023-11-13,12:04,Cash,72.88,4.762153685,3.644,5.9
INV-1309-479,E,Hyderabad,Member,Female,Food and Beverages,45.75,4,9.15,192.15,2023-03-27,18:21,Ewallet,183.0,4.761904762,9.15,6.2
INV-1310-304,A,Mumbai,Normal,Male,Electronic accessories,393.33,4,78.666,1651.99,2023-03-31,16:35,Ewallet,1573.32,4.761893232,78.666,6.6
INV-1311-347,C,Bangalore,Member,Female,Food and Beverages,108.39,4,21.678,455.24,2023-10-23,16:23,Credit card,433.56,4.761883841,21.678,6.9
INV-1312-573,G,Kolkata,Member,Female,Home and lifestyle,399.17,10,199.585,4191.28,2023-06-19,10:53,Cash,3991.7,4.761910443,199.585,8.8
INV-1313-366,F,Pune,Member,Male,Sports and travel,46.82,7,16.387,344.13,2023-09-24,16:33,Credit card,327.74,4.761863249,16.387,8.2
INV-1314-887,F,Pune,Member,Male,Health and beauty,154.63,1,7.7315,162.36,2023-05-30,15:15,Ewallet,154.63,4.761948756,7.7315,7.5
INV-1315-945,A,Mumbai,Normal,Female,Sports and travel,650.99,8,260.396,5468.32,2023-08-08,10:15,Cash,5207.92,4.761901279,260.396,7.2
INV-1316-315,E,Hyderabad,Member,Male,Fashion accessories,224.06,6,67.218,1411.58,2023-03-14,12:25,Credit card,1344.36,4.761898015,67.218,7.7
INV-1317-805,C,Bangalore,Member,Female,Sports and travel,493.26,8,197.304,4143.38,2023-12-30,16:56,Cash,3946.08,4.761909359,197.304,6.9
INV-1318-251,D,Chennai,Normal,Female,Sports and travel,199.1,5,49.775,1045.28,2023-11-01,08:39,Cash,995.5,4.761881984,49.775,5.1
INV-1319-681,E,Hyderabad,Normal,Male,Electronic accessories,710.13,10,355.065,7456.36,2023-07-05,20:59,Credit card,7101.3,4.761907955,355.065,5.7
INV-1320-231,F,Pune,Normal,Female,Sports and travel,321.91,5,80.4775,1690.03,2023-03-21,21:32,Ewallet,1609.55,4.761897718,80.4775,8.7
INV-1321-472,B,Delhi,Normal,Female,Fashion accessories,329.28,1,16.464,345.74,2023-04-19,18:37,Credit card,329.28,4.761959854,16.464,6.6
INV-1322-973,F,Pune,Normal,Female,Home and lifestyle,544.0,6,163.2,3427.2,2023-11-26,10:50,Ewallet,3264.0,4.761904762,163.2,6.7
INV-1323-488,E,Hyderabad,Normal,Female,Health and beauty,262.31,8,104.924,2203.4,2023-11-28,11:04,Ewallet,2098.48,4.761913407,104.924,4.8
INV-1324-896,A,Mumbai,Member,Female,Electronic accessories,281.98,4,56.396,1184.32,2023-03-18,13:03,Ewallet,1127.92,4.761888679,56.396,7.0
INV-1325-636,F,Pune,Member,Male,Fashion accessories,264.43,10,132.215,2776.52,2023-11-23,08:13,Ewallet,2644.3,4.761896187,132.215,8.3
INV-1326-377,B,Delhi,Member,Female,Sports and travel,47.17,2,4.717,99.06,2023-06-18,17:14,Cash,94.34,4.761760549,4.717,4.6
INV-1327-978,E,Hyderabad,Member,Male,Health and beauty,178.68,4,35.736,750.46,2023-05-06,12:39,Ewallet,714.72,4.761879381,35.736,8.2
INV-1328-193,B,Delhi,Member,Female,Electronic accessories,80.17,10,40.085,841.79,2023-05-17,18:02,Credit card,801.7,4.761876478,40.085,10.0
INV-1329-575,F,Pune,Member,Male,Electronic accessories,441.92,1,22.096,464.02,2023-04-17,12:08,Cash,441.92,4.761863713,22.096,5.1
INV-1330-587,A,Mumbai,Member,Female,Sports and travel,74.31,8,29.724,624.2,2023-03-01,16:02,Cash,594.48,4.761935277,29.724,5.8
INV-1331-553,B,Delhi,Member,Male,Home and lifestyle,312.85,10,156.425,3284.93,2023-01-05,18:35,Credit card,3128.5,4.761897514,156.425,7.3
INV-1332-746,G,Kolkata,Member,Female,Food and Beverages,37.69,7,13.1915,277.02,2023-11-04,12:55,Credit card,263.83,4.761930547,13.1915,6.2
INV-1333-615,B,Delhi,Normal,Female,Home and lifestyle,198.9,5,49.725,1044.22,2023-05-16,17:41,Cash,994.5,4.761927563,49.725,5.3
INV-1334-267,C,Bangalore,Normal,Male,Electronic accessories,415.69,6,124.707,2618.85,2023-09-18,16:33,Credit card,2494.14,4.761899307,124.707,8.4
INV-1335-897,B,Delhi,Member,Female,Sports and travel,230.63,8,92.252,1937.29,2023-06-25,19:36,Ewallet,1845.04,4.761909678,92.252,5.9
INV-1336-801,A,Mumbai,Member,Male,Fashion accessories,265.84,6,79.752,1674.79,2023-09-29,16:35,Cash,1595.04,4.761910448,79.752,6.6
INV-1337-628,C,Bangalore,Member,Male,Fashion accessories,103.5,7,36.225,760.73,2023-03-29,10:52,Ewallet,724.5,4.761873464,36.225,6.1
INV-1338-413,D,Chennai,Normal,Female,Electronic accessories,749.63,8,299.852,6296.89,2023-06-05,14:45,Cash,5997.04,4.761906274,299.852,5.4
INV-1339-156,C,Bangalore,Normal,Female,Health and beauty,106.24,10,53.12,1115.52,2023-07-21,21:53,Credit card,1062.4,4.761904762,53.12,10.0
INV-1340-777,D,Chennai,Normal,Male,Health and beauty,234.77,1,11.7385,246.51,2023-12-27,11:40,Cash,234.77,4.761875786,11.7385,6.6
INV-1341-320,F,Pune,Normal,Female,Fashion accessories,41.13,7,14.3955,302.31,2023-07-15,13:55,Ewallet,287.91,4.761833879,14.3955,5.6
INV-1342-838,E,Hyderabad,Normal,Female,Food and Beverages,18.19,3,2.7285,57.3,2023-06-16,21:09,Credit card,54.57,4.761780105,2.7285,6.1
INV-1343-157,E,Hyderabad,Normal,Male,Sports and travel,288.29,8,115.316,2421.64,2023-05-08,13:05,Ewallet,2306.32,4.761896896,115.316,6.1
INV-1344-867,F,Pune,Normal,Female,Home and lifestyle,246.89,5,61.7225,1296.17,2023-02-26,16:35,Cash,1234.45,4.761913946,61.7225,6.2
INV-1345-435,A,Mumbai,Normal,Female,Electronic accessories,705.46,10,352.73,7407.33,2023-06-03,18:27,Cash,7054.6,4.761904762,352.73,5.0
INV-1346-421,E,Hyderabad,Normal,Female,Sports and travel,39.75,2,3.975,83.47,2023-12-25,20:57,Ewallet,79.5,4.762190008,3.975,5.9
INV-1347-793,G,Kolkata,Normal,Female,Sports and travel,622.1,3,93.315,1959.62,2023-06-14,16:31,Cash,1866.3,4.761892612,93.315,5.2
INV-1348-520,F,Pune,Normal,Female,Home and lifestyle,458.68,1,22.934,481.61,2023-03-13,10:10,Ewallet,458.68,4.761944312,22.934,6.8
INV-1349-616,D,Chennai,Normal,Female,Food and Beverages,101.48,1,5.074,106.55,2023-09-20,14:47,Cash,101.48,4.762083529,5.074,2.0
INV-1350-671,G,Kolkata,Normal,Female,Fashion accessories,300.16,2,30.016,630.34,2023-02-08,18:17,Cash,600.32,4.761874544,30.016,4.5
INV-1351-174,G,Kolkata,Member,Male,Home and lifestyle,513.93,2,51.393,1079.25,2023-10-21,16:31,Ewallet,1027.86,4.761917999,51.393,6.2
INV-1352-286,G,Kolkata,Normal,Female,Health and beauty,146.36,3,21.954,461.03,2023-11-30,14:00,Cash,439.08,4.761946077,21.954,5.7
INV-1353-499,F,Pune,Normal,Female,Home and lifestyle,477.42,7,167.097,3509.04,2023-01-11,15:18,Ewallet,3341.94,4.761900691,167.097,5.9
INV-1354-886,A,Mumbai,Member,Male,Fashion accessories,230.76,5,57.69,1211.49,2023-04-25,18:38,Ewallet,1153.8,4.761904762,57.69,8.8
INV-1355-126,C,Bangalore,Normal,Male,Home and lifestyle,558.2,10,279.1,5861.1,2023-03-20,11:26,Cash,5582.0,4.761904762,279.1,6.8
INV-1356-773,E,Hyderabad,Member,Male,Home and lifestyle,235.17,2,23.517,493.86,2023-06-17,13:44,Cash,470.34,4.761875835,23.517,7.7
INV-1357-550,B,Delhi,Member,Female,Electronic accessories,368.21,5,92.0525,1933.1,2023-04-30,11:57,Credit card,1841.05,4.76191092,92.0525,9.8
INV-1358-549,A,Mumbai,Normal,Male,Health and beauty,262.91,4,52.582,1104.22,2023-07-14,08:53,Credit card,1051.64,4.761913387,52.582,7.0
INV-1359-224,D,Chennai,Member,Male,Health and beauty,185.26,2,18.526,389.05,2023-02-17,11:11,Ewallet,370.52,4.761855803,18.526,8.9
INV-1360-315,B,Delhi,Member,Male,Health and beauty,227.38,6,68.214,1432.49,2023-06-12,15:33,Cash,1364.28,4.761918059,68.214,5.6
INV-1361-978,A,Mumbai,Normal,Female,Fashion accessories,269.11,8,107.644,2260.52,2023-01-09,08:07,Credit card,2152.88,4.761913188,107.644,7.0
INV-1362-818,A,Mumbai,Normal,Female,Fashion accessories,423.17,7,148.1095,3110.3,2023-11-30,13:28,Cash,2962.19,4.761903996,148.1095,5.1
INV-1363-678,A,Mumbai,Normal,Female,Food and Beverages,114.64,5,28.66,601.86,2023-11-28,13:53,Cash,573.2,4.761904762,28.66,7.2
INV-1364-987,A,Mumbai,Member,Male,Electronic accessories,571.3,1,28.565,599.87,2023-02-01,18:51,Cash,571.3,4.761865071,28.565,7.7
INV-1365-859,F,Pune,Normal,Female,Home and lifestyle,272.33,3,40.8495,857.84,2023-08-03,11:08,Cash,816.99,4.761901986,40.8495,10.0
INV-1366-513,G,Kolkata,Member,Female,Food and Beverages,96.52,1,4.826,101.35,2023-09-12,11:42,Credit card,96.52,4.761716823,4.826,5.3
INV-1367-517,F,Pune,Normal,Female,Home and lifestyle,219.8,1,10.99,230.79,2023-06-19,08:31,Credit card,219.8,4.761904762,10.99,9.5
INV-1368-167,A,Mumbai,Normal,Male,Electronic accessories,125.09,6,37.527,788.07,2023-04-25,09:40,Credit card,750.54,4.761886634,37.527,7.1
INV-1369-587,A,Mumbai,Normal,Female,Health and beauty,259.72,9,116.874,2454.35,2023-08-14,10:26,Ewallet,2337.48,4.761912523,116.874,6.5
INV-1370-198,D,Chennai,Normal,Male,Fashion accessories,338.5,6,101.55,2132.55,2023-11-11,20:10,Ewallet,2031.0,4.761904762,101.55,6.4
INV-1371-513,D,Chennai,Normal,Male,Electronic accessories,214.48,3,32.172,675.61,2023-03-15,12:06,Ewallet,643.44,4.761918859,32.172,7.1
INV-1372-784,C,Bangalore,Member,Male,Electronic accessories,238.0,5,59.5,1249.5,2023-06-18,20:56,Credit card,1190.0,4.761904762,59.5,7.1
INV-1373-747,E,Hyderabad,Normal,Male,Fashion accessories,228.35,3,34.2525,719.3,2023-10-24,21:24,Cash,685.05,4.761921312,34.2525,6.5
INV-1374-430,A,Mumbai,Member,Male,Food and Beverages,25.72,1,1.286,27.01,2023-05-02,10:56,Credit card,25.72,4.761199556,1.286,4.1
INV-1375-550,A,Mumbai,Normal,Female,Fashion accessories,118.24,10,59.12,1241.52,2023-07-27,16:13,Cash,1182.4,4.761904762,59.12,5.4
INV-1376-890,A,Mumbai,Normal,Female,Fashion accessories,498.44,3,74.766,1570.09,2023-05-11,14:12,Credit card,1495.32,4.76189263,74.766,6.8
INV-1377-656,E,Hyderabad,Normal,Male,Sports and travel,602.94,9,271.323,5697.78,2023-05-15,09:08,Credit card,5426.46,4.761907269,271.323,6.2
INV-1378-229,B,Delhi,Member,Male,Health and beauty,252.42,2,25.242,530.08,2023-10-09,20:58,Credit card,504.84,4.761922729,25.242,7.0
INV-1379-623,G,Kolkata,Normal,Female,Health and beauty,142.13,2,14.213,298.47,2023-09-16,11:19,Credit card,284.26,4.761952625,14.213,7.8
INV-1380-676,B,Delhi,Member,Male,Food and Beverages,31.85,6,9.555,200.66,2023-09-27,18:56,Cash,191.1,4.761786106,9.555,4.0
INV-1381-749,G,Kolkata,Member,Female,Home and lifestyle,169.04,9,76.068,1597.43,2023-03-27,14:49,Cash,1521.36,4.7618988,76.068,7.5
INV-1382-150,G,Kolkata,Member,Male,Home and lifestyle,567.63,10,283.815,5960.11,2023-08-06,11:40,Credit card,5676.3,4.761908757,283.815,7.3
INV-1383-176,D,Chennai,Normal,Female,Home and lifestyle,584.32,8,233.728,4908.29,2023-08-28,13:51,Cash,4674.56,4.761902822,233.728,6.3
INV-1384-243,C,Bangalore,Normal,Male,Sports and travel,438.85,2,43.885,921.59,2023-01-31,21:44,Credit card,877.7,4.761878927,43.885,5.3
INV-1385-458,B,Delhi,Normal,Male,Electronic accessories,343.43,3,51.5145,1081.8,2023-11-27,15:37,Credit card,1030.29,4.76192457,51.5145,5.5
INV-1386-310,A,Mumbai,Member,Female,Electronic accessories,719.48,2,71.948,1510.91,2023-10-27,20:14,Cash,1438.96,4.761898459,71.948,6.2
INV-1387-582,D,Chennai,Member,Female,Fashion accessories,35.06,2,3.506,73.63,2023-09-24,13:39,Ewallet,70.12,4.761646068,3.506,8.5
INV-1388-872,B,Delhi,Normal,Female,Food and Beverages,69.54,10,34.77,730.17,2023-08-21,10:47,Cash,695.4,4.761904762,34.77,7.8
INV-1389-826,F,Pune,Normal,Female,Food and Beverages,51.97,5,12.9925,272.84,2023-02-27,19:24,Credit card,259.85,4.761948395,12.9925,5.7
INV-1390-347,F,Pune,Normal,Female,Electronic accessories,442.13,2,44.213,928.47,2023-11-05,18:54,Credit card,884.26,4.761920148,44.213,6.9
INV-1391-620,G,Kolkata,Normal,Female,Health and beauty,35.86,2,3.586,75.31,2023-05-24,21:10,Ewallet,71.72,4.761651839,3.586,6.3
INV-1392-606,C,Bangalore,Normal,Female,Fashion accessories,69.05,2,6.905,145.0,2023-09-06,12:25,Ewallet,138.1,4.762068966,6.905,7.6
INV-1393-783,B,Delhi,Normal,Female,Food and Beverages,119.7,8,47.88,1005.48,2023-10-15,19:02,Ewallet,957.6,4.761904762,47.88,5.2
INV-1394-882,D,Chennai,Member,Male,Home and lifestyle,509.4,2,50.94,1069.74,2023-10-22,09:43,Cash,1018.8,4.761904762,50.94,8.1
INV-1395-635,B,Delhi,Normal,Female,Health and beauty,221.12,1,11.056,232.18,2023-06-27,19:46,Credit card,221.12,4.761822724,11.056,7.7
INV-1396-745,A,Mumbai,Normal,Female,Sports and travel,637.95,4,127.59,2679.39,2023-10-18,11:17,Cash,2551.8,4.761904762,127.59,4.9
INV-1397-354,C,Bangalore,Member,Female,Health and beauty,244.53,8,97.812,2054.05,2023-05-10,14:31,Ewallet,1956.24,4.761909399,97.812,4.5
INV-1398-889,C,Bangalore,Normal,Male,Fashion accessories,245.36,5,61.34,1288.14,2023-03-24,11:48,Ewallet,1226.8,4.761904762,61.34,9.9
INV-1399-924,G,Kolkata,Normal,Female,Fashion accessories,397.06,3,59.559,1250.74,2023-09-13,09:37,Credit card,1191.18,4.761900955,59.559,5.4
INV-1400-736,G,Kolkata,Member,Female,Fashion accessories,77.61,2,7.761,162.98,2023-11-24,15:23,Credit card,155.22,4.76193398,7.761,8.3
INV-1401-272,D,Chennai,Member,Female,Electronic accessories,248.51,8,99.404,2087.48,2023-06-29,14:08,Credit card,1988.08,4.761913887,99.404,8.8
INV-1402-403,C,Bangalore,Member,Male,Electronic accessories,486.39,9,218.8755,4596.39,2023-12-25,19:41,Ewallet,4377.51,4.7619001,218.8755,5.3
INV-1403-514,G,Kolkata,Member,Female,Home and lifestyle,429.56,4,85.912,1804.15,2023-02-17,09:38,Ewallet,1718.24,4.761910041,85.912,4.3
INV-1404-206,G,Kolkata,Normal,Male,Sports and travel,254.61,6,76.383,1604.04,2023-07-23,10:25,Credit card,1527.66,4.761913668,76.383,4.7
INV-1405-126,G,Kolkata,Normal,Male,Fashion accessories,499.74,8,199.896,4197.82,2023-01-21,12:28,Ewallet,3997.92,4.761900224,199.896,9.1
INV-1406-112,D,Chennai,Member,Male,Electronic accessories,706.35,8,282.54,5933.34,2023-11-28,11:55,Cash,5650.8,4.761904762,282.54,10.0
INV-1407-290,C,Bangalore,Member,Male,Home and lifestyle,310.63,8,124.252,2609.29,2023-08-01,18:07,Ewallet,2485.04,4.761908412,124.252,7.8
INV-1408-473,G,Kolkata,Normal,Female,Sports and travel,201.51,6,60.453,1269.51,2023-05-15,15:51,Credit card,1209.06,4.761916015,60.453,6.5
INV-1409-198,B,Delhi,Normal,Female,Food and Beverages,115.39,3,17.3085,363.48,2023-06-14,20:47,Cash,346.17,4.761885111,17.3085,7.1
INV-1410-834,G,Kolkata,Normal,Female,Food and Beverages,98.8,10,49.4,1037.4,2023-04-27,21:06,Credit card,988.0,4.761904762,49.4,4.6
INV-1411-275,F,Pune,Member,Female,Fashion accessories,299.9,1,14.995,314.89,2023-08-24,19:15,Credit card,299.9,4.761980374,14.995,5.2
INV-1412-166,A,Mumbai,Normal,Male,Fashion accessories,254.01,3,38.1015,800.13,2023-02-02,20:24,Credit card,762.03,4.761913689,38.1015,6.5
INV-1413-505,F,Pune,Normal,Female,Sports and travel,43.61,10,21.805,457.91,2023-09-09,15:50,Ewallet,436.1,4.761852766,21.805,6.6
INV-1414-917,B,Delhi,Normal,Female,Home and lifestyle,430.44,5,107.61,2259.81,2023-06-19,12:14,Ewallet,2152.2,4.761904762,107.61,5.7
INV-1415-701,E,Hyderabad,Normal,Male,Home and lifestyle,588.9,10,294.45,6183.45,2023-06-11,08:07,Ewallet,5889.0,4.761904762,294.45,8.9
INV-1416-892,A,Mumbai,Member,Male,Home and lifestyle,271.68,3,40.752,855.79,2023-04-10,12:31,Ewallet,815.04,4.761915891,40.752,7.6
INV-1417-817,G,Kolkata,Member,Male,Food and Beverages,81.43,8,32.572,684.01,2023-03-03,14:02,Cash,651.44,4.761918685,32.572,8.1
INV-1418-418,F,Pune,Normal,Female,Health and beauty,215.0,3,32.25,677.25,2023-06-25,11:19,Cash,645.0,4.761904762,32.25,7.4
INV-1419-748,C,Bangalore,Member,Female,Fashion accessories,264.85,3,39.7275,834.28,2023-05-14,15:18,Cash,794.55,4.761890492,39.7275,7.4
INV-1420-160,A,Mumbai,Normal,Female,Food and Beverages,67.63,1,3.3815,71.01,2023-11-07,09:06,Ewallet,67.63,4.762005351,3.3815,10.0
INV-1421-681,F,Pune,Normal,Male,Electronic accessories,51.3,9,23.085,484.78,2023-01-07,08:05,Credit card,461.7,4.761953876,23.085,6.2
INV-1422-323,E,Hyderabad,Normal,Male,Electronic accessories,191.36,10,95.68,2009.28,2023-09-13,11:18,Ewallet,1913.6,4.761904762,95.68,6.7
INV-1423-555,C,Bangalore,Member,Male,Home and lifestyle,249.53,3,37.4295,786.02,2023-08-14,20:51,Cash,748.59,4.761901733,37.4295,4.1
INV-1424-704,A,Mumbai,Member,Male,Fashion accessories,469.47,2,46.947,985.89,2023-06-28,20:26,Cash,938.94,4.761890272,46.947,6.7
INV-1425-498,E,Hyderabad,Member,Male,Health and beauty,74.08,3,11.112,233.35,2023-11-10,14:08,Credit card,222.24,4.761945575,11.112,8.5
INV-1426-345,G,Kolkata,Normal,Male,Sports and travel,399.26,6,119.778,2515.34,2023-05-07,14:39,Cash,2395.56,4.761900976,119.778,5.7
INV-1427-968,G,Kolkata,Normal,Male,Health and beauty,31.65,1,1.5825,33.23,2023-09-03,20:00,Ewallet,31.65,4.762263015,1.5825,6.6
INV-1428-758,E,Hyderabad,Member,Female,Home and lifestyle,355.28,9,159.876,3357.4,2023-09-25,15:10,Ewallet,3197.52,4.761899089,159.876,4.8
INV-1429-602,B,Delhi,Normal,Female,Electronic accessories,385.93,4,77.186,1620.91,2023-05-30,19:24,Credit card,1543.72,4.761893011,77.186,5.3
INV-1430-905,A,Mumbai,Normal,Male,Fashion accessories,293.79,10,146.895,3084.8,2023-07-19,13:34,Credit card,2937.9,4.761897044,146.895,7.3
INV-1431-277,G,Kolkata,Normal,Male,Home and lifestyle,505.5,4,101.1,2123.1,2023-02-15,13:35,Ewallet,2022.0,4.761904762,101.1,6.5
INV-1432-650,F,Pune,Normal,Male,Home and lifestyle,55.66,5,13.915,292.22,2023-07-17,11:25,Credit card,278.3,4.761823284,13.915,4.5
INV-1433-829,A,Mumbai,Normal,Male,Home and lifestyle,247.66,1,12.383,260.04,2023-04-20,09:47,Credit card,247.66,4.761959699,12.383,9.5
INV-1434-310,C,Bangalore,Member,Male,Health and beauty,77.89,10,38.945,817.85,2023-01-08,08:49,Credit card,778.9,4.76187565,38.945,5.8
INV-1435-145,F,Pune,Member,Female,Food and Beverages,109.48,6,32.844,689.72,2023-04-01,15:05,Cash,656.88,4.761932378,32.844,4.8
INV-1436-984,B,Delhi,Member,Male,Home and lifestyle,414.38,7,145.033,3045.69,2023-12-15,18:23,Ewallet,2900.66,4.761909452,145.033,8.9
INV-1437-384,F,Pune,Normal,Male,Sports and travel,522.23,5,130.5575,2741.71,2023-07-29,20:33,Cash,2611.15,4.76190042,130.5575,5.2
INV-1438-231,G,Kolkata,Member,Female,Fashion accessories,312.06,7,109.221,2293.64,2023-01-22,20:40,Credit card,2184.42,4.761906838,109.221,7.6
INV-1439-857,F,Pune,Member,Male,Sports and travel,102.21,3,15.3315,321.96,2023-09-08,09:12,Cash,306.63,4.761926947,15.3315,5.9
INV-1440-504,C,Bangalore,Normal,Female,Home and lifestyle,200.41,10,100.205,2104.3,2023-05-14,09:58,Cash,2004.1,4.761916077,100.205,6.3
INV-1441-334,G,Kolkata,Member,Male,Home and lifestyle,514.01,4,102.802,2158.84,2023-03-07,17:26,Cash,2056.04,4.761909173,102.802,6.1
INV-1442-479,A,Mumbai,Normal,Male,Food and Beverages,93.88,2,9.388,197.15,2023-05-04,15:56,Ewallet,187.76,4.761856454,9.388,6.6
INV-1443-114,D,Chennai,Member,Female,Home and lifestyle,470.71,9,211.8195,4448.21,2023-04-07,21:59,Cash,4236.39,4.761904227,211.8195,6.7
INV-1444-489,B,Delhi,Normal,Female,Electronic accessories,312.59,4,62.518,1312.88,2023-11-26,09:01,Credit card,1250.36,4.761897508,62.518,6.1
INV-1445-171,B,Delhi,Normal,Male,Electronic accessories,187.97,4,37.594,789.47,2023-06-21,19:58,Ewallet,751.88,4.761928889,37.594,3.7
INV-1446-801,G,Kolkata,Member,Female,Home and lifestyle,130.21,9,58.5945,1230.48,2023-06-12,09:01,Cash,1171.89,4.761922177,58.5945,7.9
INV-1447-106,A,Mumbai,Normal,Male,Home and lifestyle,443.47,6,133.041,2793.86,2023-07-09,08:41,Cash,2660.82,4.761906466,133.041,8.4
INV-1448-136,D,Chennai,Member,Male,Health and beauty,235.23,2,23.523,493.98,2023-04-25,21:52,Ewallet,470.46,4.761933682,23.523,5.5
INV-1449-560,E,Hyderabad,Member,Male,Sports and travel,581.2,8,232.48,4882.08,2023-10-20,19:44,Credit card,4649.6,4.761904762,232.48,6.4
INV-1450-649,F,Pune,Member,Female,Home and lifestyle,180.02,8,72.008,1512.17,2023-09-03,10:47,Credit card,1440.16,4.761898464,72.008,8.8
INV-1451-924,C,Bangalore,Member,Male,Fashion accessories,329.43,3,49.4145,1037.7,2023-07-18,12:40,Cash,988.29,4.761925412,49.4145,6.6
INV-1452-960,C,Bangalore,Member,Male,Health and beauty,134.9,9,60.705,1274.8,2023-04-27,15:19,Cash,1214.1,4.761923439,60.705,7.0
INV-1453-472,F,Pune,Normal,Male,Health and beauty,137.92,7,48.272,1013.71,2023-08-24,21:21,Credit card,965.44,4.761914157,48.272,5.1
INV-1454-295,C,Bangalore,Normal,Female,Electronic accessories,592.48,4,118.496,2488.42,2023-05-06,11:56,Ewallet,2369.92,4.761897107,118.496,7.0
INV-1455-211,E,Hyderabad,Member,Female,Health and beauty,173.5,7,60.725,1275.22,2023-07-11,19:43,Credit card,1214.5,4.761923433,60.725,7.0
INV-1456-260,E,Hyderabad,Normal,Female,Home and lifestyle,270.79,4,54.158,1137.32,2023-04-22,14:08,Ewallet,1083.16,4.761896388,54.158,7.3
INV-1457-863,F,Pune,Normal,Female,Electronic accessories,757.4,1,37.87,795.27,2023-12-22,11:45,Credit card,757.4,4.761904762,37.87,5.7
INV-1458-579,F,Pune,Member,Female,Home and lifestyle,477.84,4,95.568,2006.93,2023-03-19,15:29,Credit card,1911.36,4.761900016,95.568,6.4
INV-1459-905,B,Delhi,Member,Female,Fashion accessories,316.87,10,158.435,3327.13,2023-09-29,21:23,Ewallet,3168.7,4.761911918,158.435,8.4
INV-1460-465,A,Mumbai,Member,Male,Food and Beverages,111.22,1,5.561,116.78,2023-06-19,09:38,Credit card,111.22,4.761945539,5.561,5.2
INV-1461-446,B,Delhi,Member,Male,Fashion accessories,425.12,6,127.536,2678.26,2023-11-16,13:44,Ewallet,2550.72,4.76189765,127.536,8.1
INV-1462-525,F,Pune,Member,Female,Fashion accessories,77.7,9,34.965,734.26,2023-03-23,10:46,Cash,699.3,4.761937188,34.965,5.9
INV-1463-216,A,Mumbai,Normal,Male,Home and lifestyle,349.3,8,139.72,2934.12,2023-12-25,13:07,Ewallet,2794.4,4.761904762,139.72,7.2
INV-1464-588,F,Pune,Member,Female,Food and Beverages,93.12,3,13.968,293.33,2023-07-15,16:36,Credit card,279.36,4.761872294,13.968,5.9
INV-1465-447,B,Delhi,Member,Female,Health and beauty,183.77,3,27.5655,578.88,2023-08-18,08:21,Credit card,551.31,4.761867745,27.5655,8.6
INV-1466-213,A,Mumbai,Normal,Male,Electronic accessories,151.21,5,37.8025,793.85,2023-12-13,15:09,Cash,756.05,4.761919758,37.8025,5.9
INV-1467-527,G,Kolkata,Member,Female,Fashion accessories,364.36,2,36.436,765.16,2023-07-01,18:58,Credit card,728.72,4.761879868,36.436,9.9
INV-1468-270,B,Delhi,Normal,Female,Electronic accessories,435.07,9,195.7815,4111.41,2023-01-13,16:54,Credit card,3915.63,4.761906499,195.7815,6.8
INV-1469-569,A,Mumbai,Member,Female,Fashion accessories,241.0,7,84.35,1771.35,2023-06-22,08:44,Credit card,1687.0,4.761904762,84.35,6.8
INV-1470-119,F,Pune,Member,Female,Home and lifestyle,57.57,10,28.785,604.49,2023-01-06,21:22,Ewallet,575.7,4.761865374,28.785,4.3
INV-1471-922,C,Bangalore,Normal,Male,Health and beauty,126.4,1,6.32,132.72,2023-12-22,20:13,Credit card,126.4,4.761904762,6.32,6.1
INV-1472-600,E,Hyderabad,Normal,Female,Sports and travel,255.94,6,76.782,1612.42,2023-05-14,18:03,Cash,1535.64,4.761910668,76.782,5.2
INV-1473-231,C,Bangalore,Normal,Male,Health and beauty,277.26,2,27.726,582.25,2023-12-08,13:48,Ewallet,554.52,4.761872048,27.726,6.8
INV-1474-897,G,Kolkata,Member,Male,Food and Beverages,29.48,2,2.948,61.91,2023-03-20,18:24,Cash,58.96,4.761750929,2.948,6.6
INV-1475-571,A,Mumbai,Member,Male,Sports and travel,34.08,6,10.224,214.7,2023-11-13,09:16,Cash,204.48,4.761993479,10.224,3.4
INV-1476-290,F,Pune,Normal,Male,Home and lifestyle,108.31,3,16.2465,341.18,2023-04-13,21:34,Cash,324.93,4.761855912,16.2465,4.6
INV-1477-642,A,Mumbai,Member,Male,Health and beauty,241.65,4,48.33,1014.93,2023-04-18,08:54,Ewallet,966.6,4.761904762,48.33,8.0
INV-1478-394,B,Delhi,Normal,Male,Sports and travel,691.85,10,345.925,7264.43,2023-12-28,11:23,Credit card,6918.5,4.761901484,345.925,7.1
INV-1479-293,F,Pune,Member,Female,Electronic accessories,430.69,2,43.069,904.45,2023-04-01,11:35,Credit card,861.38,4.761899497,43.069,8.0
INV-1480-750,F,Pune,Member,Male,Electronic accessories,190.29,6,57.087,1198.83,2023-04-27,10:57,Credit card,1141.74,4.761892846,57.087,8.3
INV-1481-770,G,Kolkata,Normal,Female,Home and lifestyle,398.73,4,79.746,1674.67,2023-08-07,12:34,Credit card,1594.92,4.761893388,79.746,6.3
INV-1482-161,F,Pune,Normal,Female,Electronic accessories,98.49,2,9.849,206.83,2023-09-10,14:15,Ewallet,196.98,4.761881739,9.849,4.7
INV-1483-470,E,Hyderabad,Normal,Male,Sports and travel,540.99,8,216.396,4544.32,2023-01-07,21:32,Ewallet,4327.92,4.76190057,216.396,8.2
INV-1484-479,F,Pune,Member,Female,Sports and travel,591.81,8,236.724,4971.2,2023-07-03,21:30,Credit card,4734.48,4.761908593,236.724,7.9
INV-1485-576,D,Chennai,Normal,Female,Fashion accessories,286.58,4,57.316,1203.64,2023-04-27,18:41,Cash,1146.32,4.761888937,57.316,7.8
INV-1486-855,D,Chennai,Normal,Female,Health and beauty,263.23,8,105.292,2211.13,2023-08-20,10:46,Cash,2105.84,4.761909069,105.292,6.9
INV-1487-910,G,Kolkata,Normal,Female,Food and Beverages,106.07,6,31.821,668.24,2023-07-15,19:30,Cash,636.42,4.761911888,31.821,6.3
INV-1488-583,G,Kolkata,Member,Male,Home and lifestyle,569.78,4,113.956,2393.08,2023-02-18,08:17,Credit card,2279.12,4.761896802,113.956,6.9
INV-1489-721,B,Delhi,Normal,Female,Electronic accessories,66.26,7,23.191,487.01,2023-03-23,13:31,Ewallet,463.82,4.76191454,23.191,6.3
INV-1490-461,F,Pune,Normal,Female,Health and beauty,285.25,3,42.7875,898.54,2023-09-07,20:07,Cash,855.75,4.761891513,42.7875,7.5
INV-1491-526,A,Mumbai,Member,Female,Sports and travel,346.77,5,86.6925,1820.54,2023-03-14,12:16,Ewallet,1733.85,4.761911301,86.6925,9.3
INV-1492-726,D,Chennai,Member,Female,Sports and travel,132.06,5,33.015,693.31,2023-12-17,19:15,Credit card,660.3,4.761939104,33.015,5.9
INV-1493-527,A,Mumbai,Member,Female,Fashion accessories,370.64,3,55.596,1167.52,2023-07-09,18:17,Credit card,1111.92,4.761888447,55.596,8.3
INV-1494-668,B,Delhi,Member,Female,Sports and travel,182.57,6,54.771,1150.19,2023-11-21,16:40,Credit card,1095.42,4.761908902,54.771,7.4
INV-1495-355,C,Bangalore,Normal,Male,Electronic accessories,774.11,10,387.055,8128.16,2023-04-28,20:53,Ewallet,7741.1,4.761901833,387.055,4.4
INV-1496-738,D,Chennai,Normal,Male,Fashion accessories,270.15,2,27.015,567.31,2023-07-16,21:39,Cash,540.3,4.761946731,27.015,4.8
INV-1497-382,C,Bangalore,Member,Female,Health and beauty,188.73,5,47.1825,990.83,2023-02-04,16:10,Credit card,943.65,4.761916777,47.1825,7.3
INV-1498-464,F,Pune,Member,Female,Food and Beverages,62.11,4,12.422,260.86,2023-11-21,08:03,Credit card,248.44,4.761941271,12.422,4.2
INV-1499-292,G,Kolkata,Normal,Male,Fashion accessories,479.63,8,191.852,4028.89,2023-06-10,19:00,Ewallet,3837.04,4.761907126,191.852,7.3
INV-1500-354,E,Hyderabad,Member,Female,Sports and travel,65.88,4,13.176,276.7,2023-09-26,17:10,Credit card,263.52,4.761835923,13.176,9.4
